-- phpMyAdmin SQL Dump
-- version 4.5.1
-- http://www.phpmyadmin.net
--
-- Gép: 127.0.0.1
-- Létrehozás ideje: 2017. Ápr 28. 00:33
-- Kiszolgáló verziója: 10.1.10-MariaDB
-- PHP verzió: 5.6.15

SET SQL_MODE = "NO_AUTO_VALUE_ON_ZERO";
SET time_zone = "+00:00";


/*!40101 SET @OLD_CHARACTER_SET_CLIENT=@@CHARACTER_SET_CLIENT */;
/*!40101 SET @OLD_CHARACTER_SET_RESULTS=@@CHARACTER_SET_RESULTS */;
/*!40101 SET @OLD_COLLATION_CONNECTION=@@COLLATION_CONNECTION */;
/*!40101 SET NAMES utf8mb4 */;

--
-- Adatbázis: `cal`
--

-- --------------------------------------------------------

--
-- Tábla szerkezet ehhez a táblához `academic_program`
--

CREATE TABLE `academic_program` (
  `PROGRAM_TYPE` varchar(5) NOT NULL,
  `ACADEMIC_ADVISOR` varchar(100) DEFAULT NULL,
  `DECLARE_DATE` date DEFAULT NULL,
  `ACAPROG_ID` int(11) NOT NULL,
  `STUDENT_ID` int(11) NOT NULL,
  `MAJOR_ID` int(11) NOT NULL
) ENGINE=InnoDB DEFAULT CHARSET=latin1;

--
-- A tábla adatainak kiíratása `academic_program`
--

INSERT INTO `academic_program` (`PROGRAM_TYPE`, `ACADEMIC_ADVISOR`, `DECLARE_DATE`, `ACAPROG_ID`, `STUDENT_ID`, `MAJOR_ID`) VALUES
('Minor', 'Wells', '2013-10-03', 1, 3933429, 12),
('Major', 'Armstrong', '2014-12-01', 2, 3164976, 32),
('Major', 'Lara', '2016-11-23', 3, 3120124, 25),
('Major', 'Binder', '2015-04-11', 4, 3231890, 41),
('Major', 'Basso', '2014-10-26', 5, 3177918, 42),
('Minor', 'Rogers', '2015-01-07', 6, 3390753, 5),
('Major', 'Ornelas', '2017-02-02', 7, 3455421, 16),
('Major', 'Carrillo', '2014-01-14', 8, 3817964, 17),
('Minor', 'Dean', '2016-08-30', 9, 3719280, 24),
('Major', 'Judd', '2014-01-28', 10, 3397068, 2),
('Minor', 'Moreno', '2014-03-04', 11, 3901491, 41),
('Minor', 'Garcia', '2015-04-01', 12, 3577083, 2),
('Minor', 'Cain', '2016-09-23', 13, 3276176, 23),
('Major', 'Whiteside', '2016-05-21', 14, 3416592, 12),
('Major', 'Sherman', '2016-03-14', 15, 3117829, 7),
('Minor', 'Dedeaux', '2014-10-20', 16, 3019065, 13),
('Minor', 'Means', '2016-08-18', 17, 3346705, 23),
('Major', 'Obryan', '2013-05-06', 18, 3192459, 23),
('Major', 'Cottone', '2016-06-07', 19, 3031184, 22),
('Major', 'Keen', '2015-07-31', 20, 3250203, 9),
('Major', 'Corbin', '2015-07-09', 21, 3179786, 37),
('Minor', 'Whitaker', '2013-08-24', 22, 3324086, 38),
('Major', 'Marlow', '2014-09-13', 23, 3794661, 16),
('Major', 'Waters', '2013-08-23', 24, 3370200, 44),
('Minor', 'Anderson', '2015-05-23', 25, 3908817, 5),
('Minor', 'Blue', '2016-08-31', 26, 3710607, 33),
('Minor', 'Spohn', '2017-02-21', 27, 3921337, 43),
('Minor', 'Cardinale', '2014-08-31', 28, 3180511, 34),
('Minor', 'Sherry', '2016-07-03', 29, 3972043, 24),
('Major', 'Wells', '2013-01-24', 30, 3705831, 37),
('Major', 'Armstrong', '2014-02-10', 31, 3885264, 20),
('Minor', 'Lara', '2016-03-28', 32, 3397068, 18),
('Major', 'Binder', '2013-06-11', 33, 3901491, 28),
('Major', 'Basso', '2014-02-22', 34, 3577083, 35),
('Major', 'Rogers', '2013-02-04', 35, 3276176, 21),
('Major', 'Ornelas', '2015-12-11', 36, 3416592, 45),
('Major', 'Carrillo', '2015-05-12', 37, 3117829, 10),
('Minor', 'Dean', '2016-10-14', 38, 3019065, 5),
('Major', 'Judd', '2014-06-09', 39, 3346705, 18),
('Minor', 'Moreno', '2015-05-05', 40, 3241279, 21),
('Minor', 'Garcia', '2013-03-16', 41, 3749547, 6),
('Major', 'Cain', '2017-02-16', 42, 3801439, 35),
('Minor', 'Whiteside', '2015-06-02', 43, 3019065, 44),
('Minor', 'Sherman', '2013-10-30', 44, 3346705, 20),
('Minor', 'Dedeaux', '2013-07-02', 45, 3192459, 25),
('Minor', 'Means', '2013-09-18', 46, 3031184, 45),
('Major', 'Obryan', '2015-02-11', 47, 3250203, 14),
('Minor', 'Cottone', '2015-01-14', 48, 3179786, 20),
('Major', 'Keen', '2013-08-17', 49, 3324086, 12),
('Major', 'Wells', '2014-02-17', 50, 3794661, 19),
('Minor', 'Armstrong', '2013-08-29', 51, 3370200, 17),
('Major', 'Lara', '2017-01-28', 52, 3908817, 38),
('Major', 'Binder', '2016-05-16', 53, 3710607, 42),
('Major', 'Basso', '2014-04-08', 54, 3805737, 34),
('Minor', 'Rogers', '2014-04-21', 55, 3893456, 14),
('Major', 'Ornelas', '2014-01-14', 56, 3516423, 17),
('Major', 'Carrillo', '2013-02-10', 57, 3790814, 19),
('Minor', 'Dean', '2014-12-04', 58, 3710607, 36),
('Minor', 'Judd', '2013-01-10', 59, 3921337, 8),
('Minor', 'Moreno', '2015-07-17', 60, 3180511, 43),
('Major', 'Wells', '2013-06-10', 61, 3972043, 25),
('Major', 'Armstrong', '2014-10-16', 62, 3705831, 29),
('Major', 'Lara', '2013-04-05', 63, 3885264, 23),
('Major', 'Binder', '2013-02-12', 64, 3972043, 31),
('Major', 'Basso', '2013-04-24', 65, 3705831, 35),
('Major', 'Rogers', '2017-01-04', 66, 3885264, 24),
('Minor', 'Ornelas', '2016-07-17', 67, 3397068, 35),
('Major', 'Carrillo', '2015-01-15', 68, 3901491, 17),
('Minor', 'Dean', '2014-12-22', 69, 3577083, 27),
('Minor', 'Judd', '2016-10-14', 70, 3790814, 29),
('Major', 'Moreno', '2016-05-27', 71, 3710607, 32),
('Minor', 'Garcia', '2016-03-09', 72, 3921337, 18),
('Minor', 'Cain', '2014-07-28', 73, 3180511, 43),
('Minor', 'Whiteside', '2015-01-11', 74, 3972043, 37),
('Minor', 'Sherman', '2014-01-19', 75, 3990160, 33),
('Major', 'Dedeaux', '2016-06-24', 76, 3102859, 37),
('Minor', 'Means', '2015-10-01', 77, 3790814, 41),
('Major', 'Obryan', '2015-10-17', 78, 3710607, 7),
('Minor', 'Cottone', '2014-10-22', 79, 3921337, 15),
('Minor', 'Keen', '2016-03-06', 80, 3180511, 15),
('Major', 'Dr Zivanovic', '2017-08-06', 81, 3022524, 15),
('Minor', 'Dr Singh', '2017-08-06', 82, 3022524, 9);

-- --------------------------------------------------------

--
-- A nézet helyettes szerkezete `academic_program_report`
--
CREATE TABLE `academic_program_report` (
`Student ID Number` int(11)
,`Student First Name` varchar(50)
,`Student Last Name` varchar(50)
,`Program Name` varchar(50)
,`Program Type` varchar(5)
,`Program Declare Date` date
,`Academic Advisor` varchar(100)
);

-- --------------------------------------------------------

--
-- Tábla szerkezet ehhez a táblához `accommodations`
--

CREATE TABLE `accommodations` (
  `ACCOM_ID` int(11) NOT NULL,
  `EXTENDED_TEST_TIME` tinyint(1) DEFAULT NULL,
  `DISTRACTION_REDUCED_ENVIRONMENT` tinyint(1) DEFAULT NULL,
  `COMPUTER_WRITTEN_EXAM` tinyint(1) DEFAULT NULL,
  `CALCULATOR_FOR_EXAM` tinyint(1) DEFAULT NULL,
  `RECORDING_DEVICE_FOR_EXAM` tinyint(1) DEFAULT NULL,
  `NOTE_TAKER` tinyint(1) DEFAULT NULL,
  `ADDITIONAL_TIME_FOR_IN_CLASS_ASSIGNMENT` tinyint(1) DEFAULT NULL,
  `CLASS_NOTES` tinyint(1) DEFAULT NULL,
  `COPY_OF_PPT_SLIDES` tinyint(1) DEFAULT NULL,
  `READER_FOR_EXAMS` tinyint(1) DEFAULT NULL,
  `SCRIBE_FOR_EXAMS` tinyint(1) DEFAULT NULL,
  `ADHD` varchar(100) DEFAULT NULL,
  `DISORDER_READING` tinyint(1) DEFAULT NULL,
  `DISORDER_WRITING` tinyint(1) DEFAULT NULL,
  `DISORDER_MATH` tinyint(1) DEFAULT NULL,
  `DISORDER_NONVERBAL` tinyint(1) DEFAULT NULL,
  `DISORDER_SLOW_PROCESSING` tinyint(1) DEFAULT NULL,
  `AUTISM_SPECTRUM_DISORDER` tinyint(1) DEFAULT NULL,
  `OTHER_PSYCH_CONDITIONS` varchar(250) DEFAULT NULL,
  `MEDICATION` tinyint(1) DEFAULT NULL,
  `ACCOM_DATE` date NOT NULL,
  `STUDENT_ID` int(11) NOT NULL
) ENGINE=InnoDB DEFAULT CHARSET=latin1;

--
-- A tábla adatainak kiíratása `accommodations`
--

INSERT INTO `accommodations` (`ACCOM_ID`, `EXTENDED_TEST_TIME`, `DISTRACTION_REDUCED_ENVIRONMENT`, `COMPUTER_WRITTEN_EXAM`, `CALCULATOR_FOR_EXAM`, `RECORDING_DEVICE_FOR_EXAM`, `NOTE_TAKER`, `ADDITIONAL_TIME_FOR_IN_CLASS_ASSIGNMENT`, `CLASS_NOTES`, `COPY_OF_PPT_SLIDES`, `READER_FOR_EXAMS`, `SCRIBE_FOR_EXAMS`, `ADHD`, `DISORDER_READING`, `DISORDER_WRITING`, `DISORDER_MATH`, `DISORDER_NONVERBAL`, `DISORDER_SLOW_PROCESSING`, `AUTISM_SPECTRUM_DISORDER`, `OTHER_PSYCH_CONDITIONS`, `MEDICATION`, `ACCOM_DATE`, `STUDENT_ID`) VALUES
(1, 0, 0, 0, 1, 1, 0, 1, 1, 0, 1, 1, 'Hyperactive', 0, 0, 1, 1, 0, 0, '', 1, '2015-12-26', 3933429),
(2, 1, 0, 0, 1, 1, 1, 1, 0, 1, 0, 1, '', 0, 1, 0, 1, 1, 1, 'OCD', 1, '2014-02-20', 3164976),
(3, 0, 1, 0, 0, 0, 0, 0, 0, 1, 0, 1, '', 0, 1, 1, 1, 1, 0, '', 1, '2017-01-22', 3120124),
(4, 1, 0, 1, 0, 0, 1, 1, 1, 1, 1, 0, 'Hyperactive', 0, 1, 0, 1, 0, 1, '', 0, '2014-04-03', 3231890),
(5, 1, 0, 0, 0, 0, 1, 1, 1, 0, 0, 0, '', 1, 0, 1, 0, 0, 1, '', 1, '2015-11-12', 3177918),
(6, 1, 0, 1, 0, 1, 1, 0, 1, 0, 1, 1, '', 1, 0, 0, 1, 0, 1, '', 1, '2016-05-02', 3390753),
(7, 1, 1, 1, 1, 1, 1, 0, 0, 1, 0, 1, '', 0, 0, 1, 1, 0, 1, '', 1, '2014-06-12', 3455421),
(8, 0, 1, 1, 0, 1, 0, 0, 0, 1, 0, 0, 'Hyperactive', 0, 0, 1, 1, 1, 1, 'OCD', 1, '2015-12-01', 3817964),
(9, 1, 0, 1, 0, 1, 0, 1, 1, 1, 1, 1, '', 1, 0, 0, 0, 0, 1, 'OCD', 0, '2015-09-02', 3719280),
(10, 1, 0, 0, 0, 0, 0, 0, 1, 0, 0, 0, '', 1, 0, 0, 1, 0, 0, '', 0, '2015-05-27', 3397068),
(11, 1, 1, 0, 1, 1, 0, 1, 0, 0, 1, 0, 'Hyperactive', 0, 1, 0, 0, 1, 1, '', 1, '2015-12-07', 3933429),
(12, 0, 0, 1, 0, 0, 1, 1, 1, 0, 1, 1, '', 1, 1, 0, 1, 1, 1, 'OCD', 0, '2014-12-14', 3164976),
(13, 1, 0, 1, 1, 0, 0, 1, 0, 1, 0, 0, 'Hyperactive', 0, 0, 0, 1, 0, 0, '', 1, '2014-02-04', 3120124),
(14, 1, 0, 1, 0, 1, 0, 1, 1, 1, 1, 0, '', 1, 0, 1, 0, 0, 1, '', 0, '2014-03-24', 3231890),
(15, 0, 0, 1, 0, 1, 0, 0, 0, 1, 1, 0, '', 0, 0, 0, 1, 1, 1, '', 0, '2015-07-03', 3177918),
(16, 0, 1, 0, 1, 0, 0, 1, 0, 1, 1, 0, 'Hyperactive', 1, 1, 0, 0, 0, 0, 'OCD', 0, '2014-08-27', 3390753),
(17, 1, 1, 0, 1, 1, 1, 1, 0, 0, 0, 0, '', 1, 1, 0, 1, 1, 1, '', 1, '2016-11-14', 3455421),
(18, 1, 1, 1, 1, 1, 1, 1, 1, 1, 0, 1, 'Hyperactive', 0, 0, 1, 0, 0, 1, '', 0, '2014-01-18', 3817964),
(19, 1, 1, 0, 1, 0, 1, 0, 0, 0, 1, 0, '', 1, 1, 0, 1, 1, 1, '', 0, '2015-05-14', 3719280),
(20, 0, 1, 0, 0, 0, 1, 0, 1, 1, 0, 0, '', 1, 0, 1, 0, 0, 0, 'OCD', 0, '2016-10-16', 3397068),
(21, 0, 0, 0, 1, 0, 0, 0, 0, 1, 1, 0, 'Hyperactive', 0, 1, 0, 1, 1, 0, '', 0, '2015-08-02', 3901491),
(22, 1, 1, 1, 1, 0, 1, 1, 1, 0, 1, 0, '', 0, 1, 1, 0, 1, 0, '', 0, '2015-01-15', 3577083),
(23, 1, 0, 0, 0, 1, 0, 0, 0, 1, 1, 1, 'Hyperactive', 0, 1, 0, 0, 0, 0, 'OCD', 1, '2014-09-13', 3276176),
(24, 0, 1, 0, 1, 0, 1, 0, 1, 1, 0, 0, '', 1, 0, 0, 1, 1, 0, '', 0, '2015-04-09', 3416592),
(25, 1, 1, 0, 0, 1, 1, 1, 0, 1, 0, 1, '', 1, 0, 1, 1, 1, 1, '', 1, '2015-04-17', 3933429),
(26, 0, 0, 0, 0, 1, 0, 0, 0, 0, 1, 1, 'Hyperactive', 0, 0, 0, 0, 1, 0, '', 0, '2016-12-23', 3164976),
(27, 0, 0, 0, 0, 0, 0, 1, 0, 0, 0, 0, '', 0, 0, 0, 0, 0, 1, '', 1, '2015-04-08', 3120124),
(28, 1, 0, 0, 0, 0, 1, 0, 0, 1, 1, 0, '', 0, 1, 1, 1, 0, 1, '', 1, '2014-08-17', 3231890),
(29, 0, 0, 0, 1, 1, 0, 1, 1, 0, 1, 1, 'Hyperactive', 0, 0, 1, 0, 0, 0, '', 1, '2015-09-27', 3177918),
(30, 0, 0, 0, 1, 0, 1, 0, 1, 0, 1, 0, '', 1, 1, 1, 0, 1, 1, '', 1, '2016-04-15', 3390753),
(31, 1, 1, 1, 0, 1, 1, 1, 1, 1, 1, 1, '', 1, 0, 1, 0, 1, 1, 'OCD', 0, '2017-02-27', 3231890),
(32, 1, 1, 1, 0, 1, 0, 0, 0, 1, 1, 1, '', 0, 0, 0, 1, 1, 0, '', 1, '2016-12-24', 3177918),
(33, 1, 0, 0, 0, 1, 1, 1, 1, 1, 0, 1, 'Hyperactive', 0, 1, 0, 0, 0, 0, '', 0, '2015-06-15', 3390753),
(34, 1, 1, 0, 0, 1, 0, 1, 1, 1, 1, 0, '', 1, 1, 0, 0, 0, 1, '', 0, '2017-02-23', 3455421),
(35, 0, 1, 1, 0, 1, 1, 1, 0, 1, 0, 0, '', 0, 0, 0, 1, 0, 0, '', 1, '2015-04-13', 3817964),
(36, 1, 0, 1, 1, 1, 0, 0, 0, 0, 1, 0, 'Hyperactive', 1, 0, 0, 0, 0, 1, '', 1, '2017-02-22', 3719280),
(37, 1, 1, 0, 0, 0, 1, 0, 0, 0, 1, 0, '', 1, 1, 0, 1, 0, 0, '', 1, '2015-06-28', 3397068),
(38, 1, 0, 1, 0, 1, 1, 0, 0, 0, 1, 0, '', 1, 0, 1, 0, 1, 1, '', 0, '2015-05-17', 3901491),
(39, 0, 0, 0, 0, 0, 0, 0, 0, 1, 1, 0, 'Hyperactive', 0, 0, 1, 0, 0, 1, 'OCD', 0, '2016-01-03', 3577083),
(40, 1, 1, 1, 0, 1, 0, 0, 0, 0, 1, 0, '', 1, 0, 0, 0, 0, 1, '', 0, '2015-09-10', 3276176),
(41, 1, 1, 0, 0, 0, 0, 1, 1, 0, 0, 1, '', 0, 0, 0, 1, 1, 0, '', 1, '2014-04-10', 3416592),
(42, 0, 0, 0, 1, 1, 0, 1, 0, 1, 1, 1, '', 1, 0, 0, 0, 0, 1, '', 1, '2016-08-26', 3231890),
(43, 0, 1, 0, 1, 1, 1, 0, 0, 1, 1, 1, 'Hyperactive', 0, 1, 1, 1, 0, 1, '', 0, '2015-09-08', 3177918),
(44, 1, 0, 0, 0, 1, 0, 1, 0, 1, 0, 1, '', 1, 1, 1, 0, 1, 1, '', 1, '2014-01-03', 3231890),
(45, 1, 1, 0, 0, 0, 1, 0, 1, 1, 0, 0, '', 1, 1, 0, 0, 1, 0, 'OCD', 1, '2014-04-19', 3177918),
(46, 0, 0, 0, 1, 1, 0, 0, 0, 0, 1, 0, 'Hyperactive', 1, 0, 0, 1, 1, 0, '', 1, '2014-06-27', 3231890),
(47, 0, 1, 0, 0, 0, 0, 1, 0, 0, 1, 1, '', 0, 1, 0, 1, 1, 1, '', 0, '2017-01-20', 3177918),
(48, 1, 0, 1, 1, 1, 0, 0, 0, 0, 0, 0, 'Hyperactive', 0, 0, 0, 1, 1, 0, '', 1, '2014-09-04', 3390753),
(49, 0, 1, 1, 1, 1, 0, 0, 1, 1, 0, 1, '', 0, 1, 0, 1, 1, 1, '', 1, '2016-04-25', 3231890),
(50, 1, 1, 1, 1, 0, 0, 0, 0, 0, 0, 0, '', 0, 1, 1, 0, 0, 0, '', 1, '2016-01-29', 3177918),
(51, 0, 1, 1, 0, 1, 1, 1, 1, 0, 1, 1, '', 0, 1, 0, 0, 0, 0, '', 0, '2014-03-13', 3390753),
(52, 1, 1, 0, 1, 1, 1, 1, 1, 1, 0, 0, '', 1, 0, 1, 0, 0, 1, '', 0, '2016-02-07', 3455421),
(53, 1, 1, 0, 0, 1, 1, 0, 1, 1, 1, 1, '', 0, 0, 0, 1, 0, 0, 'OCD', 0, '2016-06-01', 3817964),
(54, 0, 0, 1, 0, 0, 1, 0, 1, 1, 1, 1, 'Hyperactive', 0, 1, 0, 1, 0, 0, '', 1, '2016-06-03', 3719280),
(55, 0, 1, 1, 0, 1, 1, 0, 0, 0, 0, 1, '', 1, 1, 1, 0, 0, 1, '', 0, '2015-12-30', 3231890),
(56, 0, 1, 1, 0, 0, 0, 1, 1, 1, 1, 1, '', 0, 0, 1, 1, 0, 0, '', 0, '2015-04-22', 3177918),
(57, 1, 0, 1, 0, 1, 1, 0, 1, 1, 0, 0, 'Hyperactive', 1, 0, 0, 0, 1, 1, '', 0, '2016-11-15', 3390753),
(58, 0, 1, 1, 0, 0, 0, 1, 0, 1, 1, 0, '', 1, 1, 1, 0, 0, 0, '', 0, '2017-02-16', 3231890),
(59, 1, 0, 0, 0, 0, 0, 0, 1, 1, 0, 1, '', 0, 0, 1, 1, 1, 0, 'OCD', 1, '2015-04-01', 3177918),
(60, 1, 1, 1, 1, 0, 0, 1, 1, 0, 0, 0, '', 1, 1, 0, 0, 1, 0, '', 0, '2014-02-06', 3231890),
(61, 1, 0, 0, 1, 1, 1, 0, 1, 1, 0, 0, '', 0, 1, 1, 1, 0, 0, '', 0, '2017-02-09', 3177918),
(62, 0, 0, 1, 0, 0, 1, 0, 0, 0, 1, 0, '', 1, 0, 1, 0, 0, 0, '', 1, '2014-07-23', 3390753),
(63, 1, 0, 0, 0, 1, 0, 0, 0, 1, 0, 0, 'Hyperactive', 1, 1, 0, 1, 0, 1, '', 1, '2015-01-16', 3231890),
(64, 0, 1, 1, 0, 0, 1, 0, 0, 0, 1, 1, '', 1, 0, 0, 0, 0, 1, '', 1, '2014-07-15', 3177918),
(65, 1, 0, 1, 1, 0, 1, 0, 0, 0, 1, 0, '', 1, 0, 1, 0, 0, 0, '', 0, '2016-06-17', 3901491),
(66, 1, 1, 0, 0, 1, 1, 0, 0, 1, 1, 0, 'Hyperactive', 0, 0, 1, 0, 1, 1, 'OCD', 1, '2015-11-11', 3577083),
(67, 1, 1, 1, 0, 1, 1, 1, 0, 0, 0, 0, '', 1, 1, 0, 1, 1, 1, '', 0, '2015-07-23', 3177918),
(68, 0, 1, 1, 1, 0, 0, 1, 0, 1, 1, 0, '', 1, 0, 0, 0, 1, 0, '', 1, '2014-06-03', 3231890),
(69, 1, 1, 0, 1, 0, 0, 1, 0, 1, 0, 1, 'Hyperactive', 1, 0, 0, 1, 1, 1, '', 0, '2016-06-11', 3177918),
(70, 0, 1, 1, 1, 0, 0, 0, 1, 0, 1, 1, '', 1, 1, 1, 0, 0, 0, '', 0, '2014-12-05', 3390753),
(71, 0, 1, 1, 0, 0, 1, 1, 0, 1, 1, 0, '', 0, 1, 1, 1, 0, 0, '', 0, '2014-05-25', 3231890),
(72, 1, 1, 1, 1, 1, 0, 1, 0, 1, 0, 0, 'Hyperactive', 0, 1, 1, 1, 1, 0, '', 1, '2015-01-09', 3177918),
(73, 1, 1, 1, 1, 0, 1, 0, 0, 1, 1, 1, '', 0, 0, 0, 1, 1, 0, '', 0, '2014-12-29', 3231890),
(74, 1, 0, 0, 0, 0, 1, 0, 0, 0, 0, 0, 'Hyperactive', 1, 1, 0, 0, 0, 1, '', 1, '2014-08-25', 3177918),
(75, 1, 0, 1, 0, 0, 1, 1, 1, 0, 1, 1, '', 1, 1, 1, 0, 0, 0, 'OCD', 1, '2017-02-04', 3390753),
(76, 1, 0, 1, 1, 0, 0, 0, 0, 0, 1, 0, '', 1, 1, 0, 0, 1, 1, '', 1, '2017-01-07', 3102859),
(77, 0, 1, 0, 0, 0, 1, 1, 1, 0, 1, 0, 'Hyperactive', 0, 0, 0, 1, 1, 0, '', 0, '2015-09-03', 3390753),
(78, 0, 0, 0, 0, 1, 0, 1, 1, 1, 1, 0, '', 1, 0, 0, 0, 0, 0, '', 0, '2015-02-12', 3231890),
(79, 0, 0, 1, 0, 0, 0, 1, 0, 0, 1, 0, '', 1, 1, 0, 0, 0, 1, '', 1, '2015-09-16', 3177918),
(80, 0, 0, 1, 0, 1, 0, 0, 0, 1, 0, 1, '', 0, 1, 1, 1, 0, 0, '', 1, '2015-07-18', 3231890),
(81, 0, 1, 1, 1, 0, 0, 0, 0, 0, 0, 0, '', 0, 0, 0, 1, 1, 1, '', 1, '2017-04-11', 3019065),
(82, 0, 0, 0, 1, 1, 0, 0, 0, 0, 0, 1, '', 0, 0, 0, 0, 1, 0, '', 0, '2017-04-27', 3022524),
(83, 0, 1, 1, 1, 0, 0, 0, 0, 0, 0, 0, '', 0, 0, 0, 1, 0, 0, '', 0, '2017-04-27', 3022524);

-- --------------------------------------------------------

--
-- Tábla szerkezet ehhez a táblához `clinical_record`
--

CREATE TABLE `clinical_record` (
  `CR_ID` int(11) NOT NULL,
  `SUBJECT` varchar(100) DEFAULT NULL,
  `RECORD_DATE` date NOT NULL,
  `TIME_IN` time DEFAULT NULL,
  `TIME_OUT` time DEFAULT NULL,
  `INSTRUCTIONAL_PLAN` varchar(500) DEFAULT NULL,
  `OBSERVED_STRENGTHS` varchar(500) DEFAULT NULL,
  `AREAS_FOR_IMPROVEMENTS` varchar(500) DEFAULT NULL,
  `WHAT_SHOULD_HAPPEN_NEXT` varchar(500) DEFAULT NULL,
  `INSTRUCTIONAL_INTERVENTION1` tinyint(1) DEFAULT NULL,
  `INSTRUCTIONAL_INTERVENTION2` tinyint(1) DEFAULT NULL,
  `INSTRUCTIONAL_INTERVENTION3` tinyint(1) DEFAULT NULL,
  `INSTRUCTIONAL_INTERVENTION4` tinyint(1) DEFAULT NULL,
  `INSTRUCTIONAL_INTERVENTION5` tinyint(1) DEFAULT NULL,
  `INSTRUCTIONAL_INTERVENTION6` tinyint(1) DEFAULT NULL,
  `INSTRUCTIONAL_INTERVENTION7` tinyint(1) DEFAULT NULL,
  `INSTRUCTIONAL_INTERVENTION_OTHER` varchar(250) DEFAULT NULL,
  `INSTRUCTIONAL_OUTCOMES1` tinyint(1) DEFAULT NULL,
  `INSTRUCTIONAL_OUTCOMES2` tinyint(1) DEFAULT NULL,
  `INSTRUCTIONAL_OUTCOMES3` tinyint(1) DEFAULT NULL,
  `INSTRUCTIONAL_OUTCOMES4` tinyint(1) DEFAULT NULL,
  `INSTRUCTIONAL_OUTCOMES5` tinyint(1) DEFAULT NULL,
  `INSTRUCTIONAL_OUTCOMES6` tinyint(1) DEFAULT NULL,
  `INSTRUCTIONAL_OUTCOMES7` tinyint(1) DEFAULT NULL,
  `INSTRUCTIONAL_OUTCOMES8` tinyint(1) DEFAULT NULL,
  `INSTRUCTIONAL_OUTCOMES9` tinyint(1) DEFAULT NULL,
  `INSTRUCTIONAL_OUTCOMES10` tinyint(1) DEFAULT NULL,
  `INSTRUCTIONAL_OUTCOMES11` tinyint(1) DEFAULT NULL,
  `INSTRUCTIONAL_OUTCOMES12` tinyint(1) DEFAULT NULL,
  `INSTRUCTIONAL_OUTCOMES13` tinyint(1) DEFAULT NULL,
  `INSTRUCTIONAL_OUTCOMES14` tinyint(1) DEFAULT NULL,
  `INSTRUCTIONAL_OUTCOMES15` tinyint(1) DEFAULT NULL,
  `INSTRUCTIONAL_OUTCOMES16` tinyint(1) DEFAULT NULL,
  `INSTRUCTIONAL_OUTCOMES17` tinyint(1) DEFAULT NULL,
  `INSTRUCTIONAL_OUTCOMES18` tinyint(1) DEFAULT NULL,
  `INSTRUCTIONAL_OUTCOMES19` tinyint(1) DEFAULT NULL,
  `INSTRUCTIONAL_OUTCOMES20` tinyint(1) DEFAULT NULL,
  `INSTRUCTIONAL_OUTCOMES21` tinyint(1) DEFAULT NULL,
  `INSTRUCTIONAL_OUTCOMES22` tinyint(1) DEFAULT NULL,
  `INSTRUCTIONAL_OUTCOMES23` tinyint(1) DEFAULT NULL,
  `INSTRUCTIONAL_OUTCOMES24` tinyint(1) DEFAULT NULL,
  `INSTRUCTIONAL_OUTCOMES25` tinyint(1) DEFAULT NULL,
  `INSTRUCTIONAL_OUTCOMES26` tinyint(1) DEFAULT NULL,
  `INSTRUCTIONAL_OUTCOMES27` tinyint(1) DEFAULT NULL,
  `INSTRUCTIONAL_OUTCOMES28` tinyint(1) DEFAULT NULL,
  `INSTRUCTIONAL_OUTCOMES29` tinyint(1) DEFAULT NULL,
  `INSTRUCTIONAL_OUTCOMES_OTHER` varchar(500) DEFAULT NULL,
  `TUTOR_ID` int(11) NOT NULL,
  `STUDENT_ID` int(11) NOT NULL
) ENGINE=InnoDB DEFAULT CHARSET=latin1;

--
-- A tábla adatainak kiíratása `clinical_record`
--

INSERT INTO `clinical_record` (`CR_ID`, `SUBJECT`, `RECORD_DATE`, `TIME_IN`, `TIME_OUT`, `INSTRUCTIONAL_PLAN`, `OBSERVED_STRENGTHS`, `AREAS_FOR_IMPROVEMENTS`, `WHAT_SHOULD_HAPPEN_NEXT`, `INSTRUCTIONAL_INTERVENTION1`, `INSTRUCTIONAL_INTERVENTION2`, `INSTRUCTIONAL_INTERVENTION3`, `INSTRUCTIONAL_INTERVENTION4`, `INSTRUCTIONAL_INTERVENTION5`, `INSTRUCTIONAL_INTERVENTION6`, `INSTRUCTIONAL_INTERVENTION7`, `INSTRUCTIONAL_INTERVENTION_OTHER`, `INSTRUCTIONAL_OUTCOMES1`, `INSTRUCTIONAL_OUTCOMES2`, `INSTRUCTIONAL_OUTCOMES3`, `INSTRUCTIONAL_OUTCOMES4`, `INSTRUCTIONAL_OUTCOMES5`, `INSTRUCTIONAL_OUTCOMES6`, `INSTRUCTIONAL_OUTCOMES7`, `INSTRUCTIONAL_OUTCOMES8`, `INSTRUCTIONAL_OUTCOMES9`, `INSTRUCTIONAL_OUTCOMES10`, `INSTRUCTIONAL_OUTCOMES11`, `INSTRUCTIONAL_OUTCOMES12`, `INSTRUCTIONAL_OUTCOMES13`, `INSTRUCTIONAL_OUTCOMES14`, `INSTRUCTIONAL_OUTCOMES15`, `INSTRUCTIONAL_OUTCOMES16`, `INSTRUCTIONAL_OUTCOMES17`, `INSTRUCTIONAL_OUTCOMES18`, `INSTRUCTIONAL_OUTCOMES19`, `INSTRUCTIONAL_OUTCOMES20`, `INSTRUCTIONAL_OUTCOMES21`, `INSTRUCTIONAL_OUTCOMES22`, `INSTRUCTIONAL_OUTCOMES23`, `INSTRUCTIONAL_OUTCOMES24`, `INSTRUCTIONAL_OUTCOMES25`, `INSTRUCTIONAL_OUTCOMES26`, `INSTRUCTIONAL_OUTCOMES27`, `INSTRUCTIONAL_OUTCOMES28`, `INSTRUCTIONAL_OUTCOMES29`, `INSTRUCTIONAL_OUTCOMES_OTHER`, `TUTOR_ID`, `STUDENT_ID`) VALUES
(1, 'Undecided/Undeclared', '2013-02-04', '07:10:43', '12:10:43', 'Improve at factoring', 'Great focus', '', 'Complete more practice questions', 1, 1, 1, 1, 0, 1, 0, '0', 0, 0, 1, 1, 1, 1, 1, 1, 0, 1, 1, 1, 0, 0, 0, 0, 0, 0, 1, 1, 0, 0, 0, 0, 0, 0, 1, 0, 1, '0', 2195327, 3294826),
(2, 'Athletic Training', '2013-01-16', '07:09:32', '12:09:32', 'Improve integrating functions', '', '', '', 1, 1, 0, 0, 0, 1, 1, '0', 1, 1, 0, 0, 0, 0, 1, 0, 1, 1, 0, 0, 1, 1, 1, 1, 1, 0, 0, 1, 1, 0, 0, 1, 1, 1, 1, 0, 0, '0', 2144316, 3102859),
(3, 'Athletic Training', '2013-02-13', '07:06:18', '09:06:18', 'Explore recursion', '', '', '', 1, 1, 1, 0, 1, 0, 0, '1', 0, 0, 1, 0, 1, 0, 0, 0, 0, 0, 1, 1, 0, 1, 1, 1, 0, 1, 1, 1, 1, 1, 0, 1, 0, 0, 1, 1, 0, '0', 2167643, 3179786),
(4, 'Women Studies', '2013-01-13', '08:28:24', '11:28:24', '', '', '', '', 0, 1, 1, 1, 1, 0, 0, '1', 1, 0, 1, 1, 1, 0, 1, 1, 0, 0, 1, 1, 1, 1, 1, 1, 0, 0, 0, 0, 0, 1, 0, 1, 0, 1, 0, 1, 0, '1', 2144316, 3921337),
(5, 'Accounting', '2013-01-29', '07:46:06', '09:46:06', 'Explore GUI creation', '', '', '', 0, 0, 1, 1, 0, 1, 0, '1', 0, 1, 1, 0, 0, 0, 0, 1, 1, 0, 1, 1, 1, 0, 1, 1, 1, 1, 1, 1, 1, 1, 0, 1, 1, 0, 1, 1, 0, '0', 2144316, 3516423),
(6, 'Management', '2013-02-27', '07:04:43', '09:04:43', '', '', '', '', 1, 1, 1, 0, 0, 0, 0, '0', 0, 1, 0, 0, 1, 0, 0, 1, 1, 0, 1, 1, 1, 0, 0, 0, 1, 0, 1, 0, 1, 1, 1, 1, 1, 0, 0, 0, 0, '0', 2631706, 3613632),
(7, 'Computer Info Sciences', '2013-01-04', '08:41:25', '09:41:25', '', '', '', '', 0, 0, 1, 0, 1, 1, 1, '0', 1, 0, 1, 1, 0, 1, 0, 1, 1, 0, 1, 0, 1, 0, 0, 0, 1, 0, 1, 1, 1, 0, 0, 0, 1, 0, 0, 1, 0, '1', 2144316, 3933429),
(8, 'Criminology', '2013-01-08', '07:33:22', '08:33:22', '', '', '', '', 0, 1, 0, 0, 0, 1, 1, '0', 1, 0, 1, 1, 1, 1, 1, 0, 0, 1, 0, 0, 1, 1, 0, 0, 1, 0, 0, 0, 0, 1, 0, 0, 0, 0, 1, 0, 0, '0', 2631706, 3177918),
(9, 'Criminology', '2013-01-18', '07:40:45', '09:40:45', '', '', '', '', 0, 0, 1, 0, 1, 0, 0, '0', 0, 0, 0, 1, 0, 1, 0, 1, 1, 1, 1, 1, 1, 0, 1, 1, 0, 0, 0, 0, 0, 0, 1, 1, 1, 0, 1, 0, 1, '0', 2559916, 3294826),
(10, 'Philosophy', '2013-01-05', '07:31:40', '10:31:40', '', '', '', '', 1, 1, 1, 0, 0, 0, 1, '0', 0, 1, 0, 0, 0, 1, 0, 1, 1, 1, 1, 0, 0, 0, 1, 1, 0, 1, 1, 1, 0, 1, 1, 1, 0, 1, 0, 0, 0, '1', 2563070, 3306880),
(11, 'Marine Biology', '2013-02-28', '07:10:39', '12:10:39', '', '', '', '', 0, 0, 1, 0, 1, 0, 0, '0', 1, 1, 0, 0, 1, 1, 0, 0, 0, 0, 0, 0, 0, 0, 1, 0, 1, 0, 1, 1, 1, 0, 1, 1, 1, 1, 0, 1, 0, '0', 2144316, 3749547),
(12, 'Human Services', '2013-01-23', '07:26:23', '08:26:23', '', '', '', '', 0, 0, 0, 1, 0, 1, 0, '1', 0, 0, 1, 1, 0, 0, 1, 1, 1, 1, 1, 1, 1, 0, 0, 0, 1, 0, 0, 1, 0, 1, 0, 1, 1, 0, 1, 1, 1, '1', 2177377, 3908817),
(13, 'Music', '2013-02-13', '08:25:17', '11:25:17', 'Improve at factoring', 'Great focus', '', 'Complete more practice questions', 1, 1, 1, 0, 0, 0, 0, '1', 1, 1, 0, 0, 0, 1, 0, 1, 1, 0, 0, 0, 1, 1, 0, 1, 1, 1, 0, 1, 0, 1, 1, 1, 1, 0, 1, 1, 1, '0', 2195327, 3274049),
(14, 'Chemistry', '2013-02-06', '08:20:23', '09:20:23', 'Improve integrating functions', '', '', '', 0, 0, 0, 1, 0, 1, 0, '0', 0, 0, 1, 1, 0, 0, 0, 1, 0, 0, 0, 0, 1, 0, 0, 1, 1, 1, 1, 1, 1, 0, 0, 0, 1, 1, 0, 1, 1, '0', 2144316, 3276176),
(15, 'Photography', '2013-01-09', '08:44:57', '09:44:57', 'Explore recursion', '', '', '', 0, 1, 0, 1, 1, 1, 1, '1', 1, 0, 1, 1, 0, 0, 1, 1, 1, 1, 0, 0, 1, 0, 0, 0, 1, 1, 1, 1, 0, 0, 0, 0, 1, 1, 0, 1, 0, '1', 2144316, 3250203),
(16, 'General Studies', '2013-02-08', '07:59:16', '11:40:16', '', '', '', '', 0, 1, 1, 1, 0, 0, 1, '1', 1, 1, 1, 1, 1, 1, 0, 1, 0, 1, 0, 0, 1, 0, 0, 0, 1, 1, 0, 0, 1, 1, 0, 0, 0, 1, 1, 0, 1, '1', 2189703, 3022524),
(17, 'Sociology', '2013-02-10', '08:12:08', '10:07:08', 'Explore GUI creation', '', '', '', 0, 1, 1, 0, 0, 0, 0, '1', 1, 0, 1, 1, 0, 0, 1, 0, 1, 0, 0, 1, 1, 1, 0, 0, 1, 0, 0, 0, 0, 0, 0, 0, 1, 0, 1, 0, 0, '1', 2510463, 3253450),
(18, 'Sport, Exerc & Perf Psy', '2013-02-27', '08:30:29', '14:29:29', '', '', '', '', 0, 0, 0, 1, 0, 0, 1, '1', 0, 0, 0, 0, 1, 1, 0, 1, 0, 0, 0, 1, 0, 1, 1, 0, 0, 0, 0, 1, 1, 1, 0, 0, 0, 0, 1, 0, 1, '0', 2195327, 3703383),
(19, 'Exercise Physiology', '2013-01-01', '07:33:27', '11:15:27', '', '', '', '', 0, 1, 0, 1, 0, 0, 0, '0', 0, 0, 1, 1, 1, 0, 0, 1, 1, 1, 0, 1, 0, 1, 0, 1, 1, 1, 1, 0, 0, 0, 0, 0, 1, 0, 1, 1, 0, '0', 2699864, 3276176),
(20, 'Undecided/Undeclared', '2013-01-02', '08:44:07', '10:27:07', '', '', '', '', 0, 1, 1, 1, 1, 1, 1, '0', 1, 0, 0, 0, 0, 1, 0, 0, 1, 0, 0, 1, 1, 1, 0, 1, 1, 1, 1, 1, 0, 1, 0, 0, 1, 1, 0, 1, 0, '1', 2144316, 3416592),
(21, 'Computer Info Sciences', '2013-01-28', '08:12:58', '12:29:58', '', '', '', '', 1, 0, 1, 0, 0, 1, 0, '0', 0, 0, 1, 1, 1, 1, 0, 1, 1, 1, 0, 1, 0, 1, 0, 0, 0, 1, 0, 0, 1, 0, 1, 0, 1, 1, 0, 1, 1, '0', 2389712, 3708813),
(22, 'Sport Management', '2013-02-16', '08:29:11', '13:57:11', '', '', '', '', 0, 1, 1, 1, 0, 0, 1, '1', 0, 0, 1, 1, 0, 0, 0, 0, 0, 1, 0, 0, 0, 0, 1, 1, 0, 1, 0, 0, 1, 0, 0, 1, 1, 0, 1, 1, 1, '0', 2559916, 3495335),
(23, 'Athletic Training', '2013-02-06', '07:34:11', '10:56:11', '', '', '', '', 0, 1, 1, 0, 1, 0, 1, '0', 1, 1, 0, 0, 0, 0, 0, 0, 0, 0, 0, 1, 0, 1, 1, 0, 0, 1, 0, 1, 0, 1, 0, 1, 0, 0, 0, 0, 0, '1', 2176191, 3662054),
(24, 'Clinical Biology', '2013-02-22', '08:14:59', '11:16:59', '', '', '', '', 0, 1, 0, 1, 0, 1, 0, '1', 0, 0, 0, 1, 0, 1, 1, 1, 1, 1, 1, 0, 1, 1, 1, 1, 1, 1, 1, 1, 0, 0, 1, 0, 0, 1, 0, 1, 1, '0', 2177377, 3749547),
(25, 'Liberal Studies', '2013-01-05', '08:40:07', '14:34:07', '', '', '', '', 1, 0, 0, 0, 1, 0, 1, '0', 1, 1, 1, 1, 0, 1, 0, 0, 0, 1, 0, 1, 0, 1, 0, 1, 0, 1, 1, 0, 1, 0, 1, 1, 0, 1, 1, 0, 1, '1', 2601258, 3805737),
(26, 'Sociology', '2013-01-16', '08:22:30', '11:33:30', '', '', '', '', 1, 0, 1, 0, 1, 0, 0, '1', 0, 1, 0, 1, 1, 0, 0, 0, 0, 0, 1, 0, 1, 1, 1, 0, 0, 0, 1, 0, 0, 1, 1, 0, 1, 1, 1, 1, 1, '1', 2176191, 3708813),
(27, 'Accounting', '2013-02-03', '08:02:49', '12:36:49', '', '', '', '', 0, 0, 1, 0, 0, 0, 0, '1', 1, 0, 0, 1, 1, 1, 0, 1, 0, 1, 1, 1, 1, 1, 1, 0, 1, 0, 0, 1, 1, 0, 0, 0, 1, 1, 0, 1, 0, '1', 2699864, 3807847),
(28, 'Philosophy', '2013-01-08', '08:23:06', '10:42:06', 'Improve at factoring', 'Great focus', '', 'Complete more practice questions', 0, 1, 1, 1, 0, 0, 1, '0', 0, 0, 1, 0, 0, 0, 1, 1, 1, 0, 0, 1, 1, 0, 0, 0, 0, 0, 0, 0, 1, 0, 1, 0, 1, 1, 0, 1, 0, '0', 2112960, 3749547),
(29, 'Public Admin', '2013-02-20', '08:23:38', '11:16:38', 'Improve integrating functions', '', '', '', 0, 1, 0, 0, 1, 1, 0, '0', 1, 0, 0, 0, 1, 0, 0, 0, 1, 1, 0, 0, 1, 0, 0, 0, 1, 0, 0, 1, 1, 0, 0, 1, 1, 1, 1, 1, 1, '1', 2189703, 3794661),
(30, 'Sport, Exerc & Perf Psy', '2013-02-05', '07:40:37', '13:18:37', 'Explore recursion', '', '', '', 0, 0, 0, 1, 1, 1, 0, '1', 0, 0, 0, 1, 1, 1, 1, 1, 1, 0, 1, 1, 0, 1, 1, 0, 1, 0, 1, 1, 1, 0, 1, 1, 1, 1, 0, 0, 1, '1', 2563070, 3719280),
(31, 'Computer Info Sciences', '2013-01-20', '08:38:01', '11:48:01', '', '', '', '', 0, 1, 0, 1, 0, 0, 0, '0', 0, 1, 1, 0, 1, 0, 0, 1, 1, 1, 0, 1, 1, 0, 1, 1, 1, 1, 1, 0, 0, 1, 0, 0, 0, 0, 1, 1, 0, '0', 2631706, 3694818),
(32, 'Music Performance', '2013-01-10', '08:38:14', '12:46:14', 'Explore GUI creation', '', '', '', 0, 1, 1, 1, 0, 1, 0, '0', 0, 1, 1, 0, 1, 1, 1, 0, 1, 1, 1, 1, 1, 1, 1, 0, 0, 0, 0, 0, 0, 0, 0, 1, 1, 1, 1, 1, 1, '1', 2559916, 3749547),
(33, 'Human Services', '2013-02-08', '08:41:33', '11:16:33', '', '', '', '', 1, 1, 0, 1, 0, 1, 1, '1', 1, 0, 1, 1, 1, 0, 1, 1, 1, 1, 0, 0, 0, 0, 1, 1, 0, 0, 0, 1, 1, 0, 0, 0, 1, 1, 0, 1, 1, '1', 2144316, 3179786),
(34, 'History', '2013-01-19', '07:27:00', '11:39:00', '', '', '', '', 0, 0, 0, 1, 0, 1, 0, '0', 1, 0, 0, 1, 0, 0, 0, 0, 0, 0, 1, 0, 1, 1, 0, 0, 0, 0, 0, 1, 1, 1, 1, 1, 0, 0, 0, 1, 0, '0', 2654925, 3941392),
(35, 'History', '2013-01-27', '07:19:46', '09:20:46', '', '', '', '', 0, 0, 0, 0, 0, 0, 0, '0', 0, 1, 0, 1, 0, 0, 1, 0, 0, 1, 0, 1, 0, 0, 1, 1, 1, 1, 0, 0, 0, 0, 1, 0, 1, 1, 0, 0, 1, '0', 2177377, 3253450),
(36, 'Pre-Nursing', '2013-01-13', '08:13:39', '13:25:39', '', '', '', '', 1, 0, 0, 1, 1, 0, 1, '1', 0, 1, 1, 0, 0, 0, 1, 0, 1, 1, 0, 0, 1, 1, 1, 0, 1, 0, 0, 1, 1, 0, 0, 1, 1, 0, 1, 0, 1, '0', 2112960, 3180511),
(37, 'Photography', '2013-01-25', '08:30:11', '10:27:11', '', '', '', '', 1, 1, 1, 0, 0, 1, 0, '1', 0, 0, 0, 1, 1, 1, 0, 1, 0, 1, 1, 0, 0, 1, 0, 1, 1, 0, 1, 0, 1, 0, 0, 1, 1, 1, 1, 0, 1, '0', 2699864, 3455421),
(38, 'Management', '2013-02-23', '08:32:12', '11:15:12', '', '', '', '', 1, 1, 0, 1, 1, 0, 0, '0', 1, 1, 0, 1, 1, 0, 0, 0, 0, 1, 0, 0, 0, 0, 1, 0, 0, 1, 0, 1, 1, 1, 1, 0, 1, 1, 0, 1, 0, '1', 2189703, 3241279),
(39, 'Emergency Management', '2013-01-21', '07:49:56', '09:52:56', '', '', '', '', 1, 1, 0, 1, 0, 0, 1, '1', 0, 1, 0, 1, 0, 1, 1, 0, 1, 0, 1, 1, 1, 1, 1, 0, 1, 0, 0, 0, 1, 0, 1, 0, 0, 1, 1, 1, 0, '1', 2144316, 3990160),
(40, 'Marketing', '2013-01-15', '08:32:38', '10:40:38', '', '', '', '', 0, 1, 1, 0, 0, 0, 1, '0', 1, 0, 1, 1, 1, 0, 1, 1, 1, 1, 1, 1, 1, 1, 0, 1, 0, 0, 1, 0, 0, 0, 0, 0, 1, 1, 0, 1, 1, '0', 2559916, 3790814),
(41, 'Clinical Biology', '2013-02-22', '08:09:15', '12:17:15', '', '', '', '', 1, 1, 0, 1, 1, 0, 1, '0', 0, 0, 0, 0, 0, 0, 1, 0, 0, 1, 0, 0, 1, 0, 0, 0, 0, 1, 1, 0, 1, 1, 1, 1, 0, 1, 0, 0, 1, '1', 2936916, 3933429),
(42, 'English', '2013-01-09', '08:25:15', '13:42:15', '', '', '', '', 1, 1, 1, 0, 0, 1, 0, '1', 1, 0, 1, 1, 0, 0, 1, 1, 1, 1, 1, 1, 0, 0, 1, 1, 0, 1, 1, 1, 0, 1, 0, 0, 0, 1, 1, 1, 0, '1', 2166987, 3662054),
(43, 'Mathematics', '2013-01-27', '07:27:58', '08:48:58', '', '', '', '', 0, 1, 1, 0, 1, 1, 0, '0', 1, 0, 0, 1, 0, 0, 0, 0, 1, 0, 0, 0, 0, 0, 0, 0, 0, 1, 0, 0, 0, 0, 1, 0, 1, 1, 0, 1, 0, '0', 2510463, 3253450),
(44, 'Applied Sport & Exercise Scien', '2013-02-05', '07:47:03', '11:28:03', '', '', '', '', 0, 1, 1, 1, 1, 1, 0, '0', 1, 0, 1, 0, 1, 0, 0, 1, 0, 1, 1, 1, 1, 0, 1, 1, 0, 0, 1, 0, 0, 1, 0, 1, 1, 1, 0, 1, 0, '1', 2166987, 3941392),
(45, 'Public Admin', '2013-02-18', '07:51:46', '12:03:46', '', '', '', '', 0, 1, 1, 1, 1, 0, 0, '0', 0, 1, 1, 0, 1, 1, 0, 1, 0, 1, 0, 0, 0, 0, 0, 0, 0, 0, 0, 0, 1, 1, 0, 0, 0, 0, 1, 0, 0, '1', 2189703, 3179786),
(46, 'Education', '2013-02-18', '07:24:27', '10:18:27', 'Improve at factoring', 'Great focus', '', 'Complete more practice questions', 1, 1, 0, 1, 1, 0, 1, '1', 1, 1, 0, 0, 0, 1, 0, 0, 1, 0, 1, 1, 0, 0, 0, 1, 1, 0, 0, 1, 0, 1, 0, 0, 1, 1, 0, 0, 1, '1', 2692833, 3128791),
(47, 'Legal Post Bac Cert', '2013-01-21', '07:32:27', '09:33:27', 'Improve integrating functions', '', '', '', 1, 1, 1, 1, 0, 0, 1, '1', 0, 0, 1, 0, 0, 0, 1, 1, 0, 1, 1, 1, 0, 0, 0, 1, 0, 0, 1, 0, 1, 0, 0, 1, 1, 1, 1, 0, 0, '0', 2936916, 3031184),
(48, 'Psychology', '2013-02-16', '07:59:49', '10:13:49', 'Explore recursion', '', '', '', 0, 0, 0, 1, 0, 0, 0, '0', 0, 0, 0, 0, 0, 1, 0, 0, 0, 1, 0, 1, 1, 1, 1, 1, 1, 0, 1, 1, 1, 1, 1, 0, 1, 0, 0, 1, 1, '0', 2601258, 3941392),
(49, 'Health Serv Admin', '2013-02-06', '07:00:20', '09:57:20', '', '', '', '', 0, 1, 1, 0, 0, 0, 1, '0', 1, 1, 1, 0, 1, 0, 0, 1, 1, 1, 0, 0, 1, 0, 1, 1, 1, 0, 1, 0, 0, 1, 0, 0, 0, 1, 0, 0, 0, '0', 2144316, 3731395),
(50, 'Theatre', '2013-02-09', '08:11:00', '12:20:00', 'Explore GUI creation', '', '', '', 1, 0, 1, 0, 1, 1, 0, '1', 1, 1, 1, 1, 0, 1, 0, 1, 1, 0, 1, 0, 1, 1, 1, 1, 0, 0, 0, 0, 1, 0, 1, 0, 0, 0, 0, 1, 0, '1', 2176191, 3790814),
(51, 'Health Serv Admin', '2013-02-18', '08:11:42', '09:49:42', '', '', '', '', 0, 1, 1, 1, 0, 0, 0, '0', 0, 0, 0, 0, 0, 1, 0, 0, 0, 1, 1, 1, 0, 1, 1, 1, 0, 0, 0, 0, 0, 1, 0, 1, 1, 1, 1, 0, 0, '1', 2177377, 3090275),
(52, 'Theology', '2013-01-25', '08:21:26', '09:48:26', '', '', '', '', 1, 1, 0, 1, 0, 1, 1, '0', 1, 1, 1, 1, 1, 1, 1, 1, 1, 1, 1, 0, 0, 1, 0, 0, 1, 1, 1, 0, 0, 0, 1, 1, 0, 1, 0, 0, 1, '1', 2563070, 3294826),
(53, 'Comm & Media Studies', '2013-01-07', '08:19:53', '10:00:53', '', '', '', '', 1, 0, 1, 0, 1, 1, 1, '1', 0, 0, 1, 1, 1, 0, 1, 1, 1, 0, 1, 1, 0, 1, 1, 1, 0, 1, 0, 1, 1, 1, 0, 1, 0, 1, 0, 1, 0, '0', 2563070, 3516423),
(54, 'Exercise Physiology', '2013-02-07', '07:27:24', '12:37:24', '', '', '', '', 1, 1, 0, 1, 1, 1, 1, '0', 0, 0, 0, 0, 0, 0, 1, 1, 0, 0, 1, 1, 0, 1, 0, 1, 0, 0, 0, 1, 1, 0, 0, 1, 1, 1, 1, 1, 0, '1', 2195327, 3306880),
(55, 'Health Serv Admin', '2013-02-02', '08:04:17', '09:19:17', '', '', '', '', 0, 1, 0, 0, 0, 1, 0, '0', 0, 0, 1, 1, 0, 0, 1, 1, 0, 1, 1, 1, 0, 1, 0, 1, 0, 0, 0, 0, 0, 0, 1, 1, 0, 1, 0, 1, 0, '1', 2631706, 3613632),
(56, 'Athletic Training', '2013-01-30', '07:56:52', '11:08:52', '', '', '', '', 0, 0, 0, 1, 1, 0, 1, '0', 1, 0, 1, 0, 0, 1, 0, 0, 0, 1, 1, 0, 1, 1, 0, 1, 0, 1, 1, 1, 1, 1, 0, 0, 0, 0, 1, 1, 0, '1', 2195327, 3967677),
(57, 'Criminology', '2013-02-17', '07:00:49', '11:53:49', '', '', '', '', 0, 0, 0, 0, 0, 1, 1, '0', 1, 1, 0, 0, 1, 1, 1, 1, 0, 0, 0, 1, 1, 0, 0, 0, 1, 0, 0, 0, 0, 0, 1, 0, 0, 1, 0, 1, 0, '0', 2166987, 3396382),
(58, 'General Studies', '2013-01-23', '07:49:55', '09:33:55', '', '', '', '', 0, 1, 1, 1, 1, 1, 1, '1', 1, 0, 1, 1, 1, 1, 1, 1, 1, 1, 1, 0, 1, 1, 1, 1, 0, 0, 0, 1, 1, 0, 1, 1, 1, 0, 0, 1, 0, '0', 2631706, 3276176),
(59, 'Emergency Management', '2013-02-23', '07:09:59', '08:36:59', '', '', '', '', 1, 0, 1, 0, 0, 1, 0, '1', 0, 0, 1, 1, 0, 1, 1, 1, 0, 0, 0, 1, 0, 1, 1, 1, 1, 0, 0, 1, 1, 1, 1, 0, 0, 1, 0, 0, 1, '0', 2699864, 3430548),
(60, 'Spanish', '2013-02-17', '07:21:34', '08:37:34', 'Improve at factoring', 'Great focus', '', 'Complete more practice questions', 1, 0, 1, 0, 0, 1, 0, '0', 1, 1, 1, 1, 0, 0, 0, 1, 0, 0, 0, 1, 0, 0, 0, 1, 1, 0, 1, 0, 1, 1, 0, 0, 1, 1, 1, 1, 0, '1', 2389712, 3073759),
(61, 'Human Services', '2013-02-06', '08:30:44', '13:16:44', 'Improve integrating functions', '', '', '', 1, 0, 0, 0, 0, 0, 0, '0', 1, 1, 1, 0, 1, 0, 1, 1, 1, 1, 1, 0, 1, 0, 0, 0, 1, 1, 1, 0, 1, 1, 1, 1, 1, 0, 1, 0, 1, '0', 2176191, 3708813),
(62, 'Health Serv Admin', '2013-02-18', '07:31:16', '12:32:16', 'Explore recursion', '', '', '', 0, 0, 0, 0, 1, 0, 0, '0', 1, 0, 1, 1, 0, 0, 1, 0, 1, 1, 0, 0, 1, 1, 1, 1, 0, 0, 0, 1, 0, 0, 0, 0, 0, 1, 1, 1, 1, '1', 2195327, 3277769),
(63, 'General Studies', '2013-02-09', '08:39:39', '12:53:39', '', '', '', '', 0, 0, 0, 1, 0, 1, 0, '1', 0, 1, 1, 0, 1, 0, 0, 0, 0, 1, 0, 0, 1, 0, 0, 1, 1, 0, 0, 1, 0, 0, 1, 0, 0, 0, 1, 0, 0, '0', 2649534, 3662054),
(64, 'Athletic Training', '2013-01-11', '08:05:56', '13:45:56', 'Explore GUI creation', '', '', '', 0, 1, 0, 0, 0, 1, 1, '1', 0, 0, 1, 0, 0, 1, 0, 1, 0, 0, 1, 0, 1, 1, 1, 0, 0, 0, 1, 1, 1, 0, 0, 0, 1, 1, 0, 1, 0, '1', 2563070, 3324293),
(65, 'Broadcast and Emerging Media', '2013-01-15', '07:06:41', '09:19:41', '', '', '', '', 1, 1, 1, 1, 0, 0, 0, '0', 1, 0, 1, 0, 0, 0, 0, 0, 1, 1, 1, 1, 0, 1, 0, 1, 0, 0, 0, 1, 0, 0, 0, 0, 1, 1, 0, 0, 1, '1', 2195327, 3468602),
(66, 'Comm & Media Studies', '2013-02-18', '08:42:23', '12:24:23', '', '', '', '', 0, 0, 1, 0, 1, 1, 0, '1', 1, 1, 0, 0, 0, 0, 1, 0, 0, 0, 1, 1, 1, 1, 0, 0, 0, 0, 1, 0, 1, 1, 1, 1, 1, 1, 0, 0, 1, '1', 2090370, 3880232),
(67, 'Education', '2013-02-14', '07:19:27', '11:06:27', '', '', '', '', 1, 1, 0, 0, 0, 0, 0, '1', 1, 1, 0, 0, 1, 0, 1, 0, 1, 0, 1, 1, 1, 1, 1, 0, 0, 1, 1, 0, 0, 0, 1, 1, 0, 1, 0, 0, 0, '1', 2144316, 3980688),
(68, 'Social Work', '2013-01-02', '08:07:07', '12:42:07', 'Improve integrating functions', '', '', '', 1, 1, 1, 0, 0, 0, 0, '1', 0, 1, 1, 1, 1, 1, 0, 1, 0, 0, 0, 1, 1, 0, 1, 1, 1, 1, 0, 1, 0, 0, 0, 1, 1, 0, 1, 1, 1, '0', 2510463, 3381681),
(69, 'Legal Post Bac Cert', '2013-01-20', '08:39:12', '14:25:12', 'Explore recursion', '', '', '', 1, 1, 1, 1, 0, 0, 0, '1', 1, 1, 0, 0, 1, 1, 0, 1, 0, 1, 1, 0, 0, 0, 0, 1, 0, 0, 0, 1, 0, 1, 0, 0, 1, 0, 0, 0, 1, '1', 2389712, 3516423),
(70, 'Art', '2013-01-01', '08:13:20', '13:48:20', '', '', '', '', 0, 0, 0, 0, 0, 1, 0, '1', 0, 0, 0, 0, 1, 1, 1, 1, 0, 1, 0, 1, 0, 1, 1, 0, 1, 0, 0, 0, 0, 0, 1, 1, 0, 0, 0, 1, 0, '1', 2631706, 3719280),
(71, 'Psychology', '2013-03-01', '08:34:36', '12:01:36', 'Explore GUI creation', '', '', '', 0, 0, 1, 0, 0, 0, 0, '1', 1, 0, 0, 0, 1, 1, 0, 1, 1, 0, 1, 1, 1, 1, 0, 0, 1, 1, 1, 0, 0, 0, 0, 1, 1, 0, 0, 0, 0, '1', 2692833, 3662054),
(72, 'Chemistry', '2013-01-06', '07:30:34', '09:05:34', '', '', '', '', 0, 0, 0, 0, 1, 0, 0, '1', 0, 0, 0, 1, 1, 0, 1, 0, 1, 1, 0, 1, 1, 0, 1, 1, 1, 1, 1, 1, 1, 0, 0, 1, 1, 0, 1, 1, 1, '0', 2112960, 3102859),
(73, 'Sociology', '2013-02-26', '07:17:15', '09:03:15', '', '', '', '', 1, 0, 0, 0, 1, 0, 0, '1', 0, 1, 1, 0, 0, 0, 1, 0, 1, 0, 0, 0, 0, 0, 0, 0, 1, 0, 0, 1, 0, 0, 1, 1, 1, 1, 1, 0, 1, '0', 2189703, 3809735),
(74, 'Clinical Biology', '2013-01-11', '07:46:05', '10:19:05', '', '', '', '', 1, 1, 0, 0, 0, 0, 1, '0', 1, 1, 0, 1, 1, 0, 1, 1, 0, 0, 1, 0, 0, 1, 0, 1, 1, 1, 1, 0, 0, 1, 0, 1, 0, 1, 0, 1, 1, '1', 2189703, 3468602),
(75, 'Women Studies', '2013-01-27', '07:30:55', '08:39:55', '', '', '', '', 0, 1, 1, 0, 0, 0, 0, '1', 1, 0, 1, 0, 1, 0, 0, 1, 0, 1, 0, 0, 0, 0, 1, 0, 0, 1, 0, 1, 0, 1, 1, 0, 1, 1, 1, 1, 0, '0', 2649534, 3807847),
(76, 'Africana Studies', '2013-02-03', '07:26:43', '10:49:43', '', '', '', '', 0, 1, 0, 1, 1, 1, 0, '0', 1, 1, 1, 1, 1, 0, 0, 0, 1, 1, 0, 1, 1, 0, 1, 1, 0, 0, 0, 0, 0, 0, 0, 1, 1, 1, 0, 0, 0, '1', 2654925, 3455421),
(77, 'Nursing', '2013-02-15', '07:48:58', '10:20:58', '', '', '', '', 1, 0, 1, 0, 0, 1, 1, '0', 0, 1, 0, 1, 0, 0, 0, 0, 0, 0, 1, 0, 0, 1, 1, 1, 0, 1, 0, 1, 1, 0, 1, 1, 1, 1, 0, 1, 0, '0', 2649534, 3019065),
(78, 'Marine Biology', '2013-02-06', '07:11:53', '08:49:53', '', '', '', '', 1, 1, 0, 0, 0, 0, 0, '0', 0, 1, 0, 0, 1, 0, 1, 1, 0, 1, 0, 0, 0, 0, 0, 0, 1, 0, 1, 1, 1, 1, 1, 0, 1, 1, 1, 0, 0, '1', 2166987, 3733953),
(79, 'Music', '2013-01-12', '07:21:17', '11:52:17', '', '', '', '', 1, 1, 1, 0, 0, 0, 1, '0', 0, 0, 1, 1, 1, 1, 0, 0, 1, 1, 0, 0, 0, 0, 1, 1, 1, 1, 0, 1, 1, 1, 0, 1, 1, 1, 0, 0, 1, '0', 2176191, 3312739),
(80, 'Art', '2013-02-10', '08:24:07', '13:55:07', '', '', '', '', 0, 0, 0, 0, 0, 1, 0, '1', 1, 1, 0, 1, 0, 1, 0, 1, 1, 0, 1, 1, 0, 0, 1, 1, 0, 0, 0, 1, 0, 0, 1, 0, 0, 1, 0, 1, 0, '0', 2601258, 3164976),
(81, 'Sport Management', '2013-01-19', '08:42:20', '13:20:20', '', '', '', '', 0, 0, 1, 1, 1, 0, 0, '1', 1, 1, 0, 0, 1, 0, 0, 1, 0, 0, 1, 1, 0, 0, 0, 0, 1, 1, 0, 0, 0, 1, 0, 0, 1, 1, 0, 0, 0, '1', 2654925, 3430548),
(82, 'Emergency Management', '2013-01-10', '07:03:07', '12:55:07', '', '', '', '', 0, 1, 1, 1, 1, 0, 1, '0', 0, 0, 0, 1, 1, 0, 0, 1, 0, 1, 0, 1, 0, 0, 0, 1, 1, 0, 0, 0, 0, 1, 1, 1, 0, 0, 1, 0, 0, '1', 2563070, 3468602),
(83, 'Sociology', '2013-01-09', '07:59:14', '11:56:14', '', '', '', '', 0, 0, 0, 0, 0, 0, 1, '1', 0, 1, 1, 1, 0, 1, 0, 1, 1, 0, 1, 0, 1, 1, 0, 0, 0, 0, 0, 1, 1, 0, 0, 1, 1, 1, 0, 1, 1, '1', 2559916, 3908817),
(84, 'History', '2013-02-06', '08:09:53', '12:16:53', '', '', '', '', 1, 1, 1, 1, 1, 1, 0, '1', 0, 1, 0, 1, 1, 0, 1, 0, 0, 1, 0, 1, 1, 1, 0, 0, 0, 0, 1, 1, 1, 1, 1, 1, 0, 1, 0, 0, 0, '0', 2559916, 3346705),
(85, 'Marine Biology', '2013-02-17', '07:22:28', '11:39:28', '', '', '', '', 1, 0, 0, 0, 0, 0, 1, '1', 0, 0, 1, 1, 1, 1, 1, 1, 1, 1, 0, 1, 0, 0, 1, 1, 1, 1, 1, 1, 1, 1, 0, 1, 0, 1, 1, 1, 1, '1', 2601258, 3031184),
(86, 'Marine Biology', '2013-01-25', '07:45:34', '11:01:34', '', '', '', '', 1, 1, 0, 0, 0, 0, 0, '1', 0, 1, 0, 0, 0, 1, 1, 0, 1, 0, 1, 1, 0, 1, 1, 0, 0, 1, 1, 1, 0, 0, 0, 0, 0, 0, 1, 0, 1, '0', 2936916, 3744574),
(87, 'Photography', '2013-02-05', '07:30:03', '13:26:03', '', '', '', '', 1, 0, 1, 1, 1, 0, 1, '0', 1, 0, 1, 1, 1, 0, 0, 0, 0, 1, 1, 0, 1, 0, 1, 1, 1, 0, 0, 0, 0, 1, 1, 1, 0, 0, 0, 0, 1, '0', 2177377, 3733953),
(88, 'Athletic Training', '2013-01-15', '08:10:51', '12:00:51', '', '', '', '', 0, 0, 1, 0, 1, 0, 1, '0', 0, 1, 0, 1, 0, 1, 1, 1, 0, 1, 1, 1, 0, 1, 0, 0, 0, 0, 0, 1, 1, 0, 0, 1, 0, 0, 1, 1, 0, '0', 2090370, 3192459),
(89, 'Software Engineering', '2013-01-30', '08:36:14', '14:08:14', 'Improve at factoring', 'Great focus', '', 'Complete more practice questions', 0, 1, 1, 0, 0, 0, 1, '1', 1, 1, 1, 0, 1, 0, 1, 0, 1, 1, 0, 1, 1, 1, 0, 1, 0, 1, 0, 1, 0, 1, 0, 1, 0, 0, 0, 0, 1, '0', 2649534, 3495335),
(90, 'Music', '2013-01-16', '07:08:07', '09:29:07', 'Improve integrating functions', '', '', '', 0, 1, 1, 0, 0, 0, 0, '0', 1, 1, 0, 1, 1, 0, 0, 0, 0, 1, 1, 0, 1, 1, 1, 1, 0, 1, 0, 0, 0, 0, 1, 1, 1, 1, 1, 1, 1, '0', 2692833, 3967677),
(91, 'Legal Post Bac Cert', '2013-01-21', '07:12:28', '10:20:28', 'Explore recursion', '', '', '', 0, 0, 1, 1, 1, 1, 0, '1', 1, 0, 1, 1, 1, 0, 1, 1, 0, 1, 1, 0, 0, 1, 0, 1, 0, 1, 0, 1, 1, 0, 0, 1, 0, 1, 0, 0, 1, '0', 2692833, 3241279),
(92, 'Pre-Nursing', '2013-01-29', '08:37:59', '10:52:59', '', '', '', '', 1, 1, 0, 0, 0, 1, 1, '0', 1, 0, 0, 1, 1, 0, 0, 0, 1, 1, 0, 0, 1, 1, 0, 1, 1, 1, 1, 1, 0, 0, 1, 0, 1, 1, 1, 1, 0, '1', 2090370, 3241279),
(93, 'Spanish', '2013-01-05', '07:48:09', '12:35:09', 'Explore GUI creation', '', '', '', 1, 0, 0, 0, 0, 1, 1, '0', 0, 0, 0, 1, 1, 1, 1, 0, 0, 1, 0, 1, 1, 0, 0, 1, 1, 1, 1, 1, 1, 1, 0, 1, 0, 0, 1, 0, 1, '0', 2649534, 3805737),
(94, 'Accounting', '2013-01-28', '07:06:03', '10:50:03', '', '', '', '', 0, 1, 1, 1, 0, 0, 1, '1', 0, 1, 1, 1, 1, 0, 1, 0, 1, 1, 1, 0, 0, 0, 0, 0, 1, 0, 0, 1, 1, 1, 0, 0, 1, 1, 1, 0, 1, '0', 2559916, 3455421),
(95, 'Music', '2013-01-19', '07:58:24', '13:25:24', '', '', '', '', 1, 1, 0, 0, 0, 0, 1, '1', 0, 0, 1, 1, 1, 1, 1, 1, 0, 0, 1, 1, 0, 0, 0, 1, 1, 0, 1, 0, 1, 1, 0, 0, 0, 1, 1, 1, 0, '0', 2601258, 3416592),
(96, 'Pre-Nursing', '2013-01-16', '07:20:32', '11:43:32', '', '', '', '', 0, 0, 1, 1, 1, 0, 1, '1', 0, 1, 0, 0, 1, 0, 0, 0, 1, 1, 1, 1, 1, 0, 1, 1, 0, 0, 1, 1, 1, 1, 0, 0, 0, 1, 1, 1, 0, '1', 2601258, 3277769),
(97, 'Theology', '2013-02-10', '07:24:10', '10:23:10', '', '', '', '', 0, 1, 0, 0, 0, 0, 1, '0', 0, 0, 1, 0, 0, 0, 1, 0, 0, 1, 1, 0, 0, 1, 1, 0, 1, 1, 0, 1, 0, 0, 0, 0, 1, 1, 1, 1, 0, '0', 2177377, 3990160),
(98, 'Art', '2013-02-17', '07:05:07', '11:36:07', '', '', '', '', 0, 1, 1, 0, 0, 1, 0, '1', 1, 1, 0, 1, 1, 0, 1, 1, 0, 0, 1, 1, 1, 0, 0, 0, 0, 1, 1, 0, 1, 1, 1, 1, 0, 1, 0, 1, 0, '1', 2389712, 3705831),
(99, 'Health Serv Admin', '2013-01-05', '07:43:30', '13:30:30', '', '', '', '', 0, 1, 1, 0, 0, 1, 1, '0', 0, 1, 1, 0, 1, 0, 0, 1, 0, 0, 0, 0, 1, 1, 0, 0, 0, 1, 0, 0, 0, 0, 1, 1, 0, 0, 1, 0, 1, '1', 2654925, 3694818),
(100, 'Emergency Management', '2013-01-10', '07:30:25', '11:52:25', '', '', '', '', 0, 0, 1, 1, 1, 1, 1, '0', 1, 1, 0, 0, 0, 1, 1, 0, 0, 0, 1, 1, 1, 1, 1, 1, 1, 0, 1, 0, 1, 0, 1, 1, 1, 1, 1, 0, 0, '0', 2692833, 3704106),
(101, 'Legal Post Bac Cert', '2013-02-01', '07:51:19', '12:28:19', '', '', '', '', 0, 1, 0, 0, 0, 1, 0, '0', 0, 0, 0, 1, 1, 1, 1, 0, 0, 1, 1, 0, 1, 0, 0, 1, 1, 1, 1, 0, 0, 1, 1, 1, 1, 0, 0, 1, 0, '1', 2559916, 3908817),
(102, 'Athletic Training', '2013-02-03', '08:02:47', '10:30:47', '', '', '', '', 1, 0, 1, 1, 1, 0, 0, '0', 1, 1, 1, 1, 1, 0, 1, 0, 0, 0, 0, 0, 0, 1, 1, 0, 1, 1, 0, 0, 0, 1, 0, 1, 0, 1, 0, 0, 1, '1', 2631706, 3253450),
(103, 'Photography', '2013-01-06', '07:55:36', '13:38:36', '', '', '', '', 0, 0, 0, 0, 1, 0, 1, '0', 0, 1, 1, 1, 1, 0, 0, 0, 1, 0, 1, 0, 0, 1, 1, 0, 1, 1, 1, 0, 0, 0, 0, 0, 1, 1, 0, 1, 1, '0', 2654925, 3276176),
(104, 'Art', '2013-01-26', '07:29:02', '09:32:02', '', '', '', '', 0, 1, 1, 1, 1, 1, 1, '0', 0, 0, 0, 1, 0, 1, 1, 0, 1, 0, 0, 1, 1, 0, 1, 0, 1, 0, 1, 0, 1, 0, 1, 0, 1, 1, 0, 1, 1, '0', 2195327, 3794661),
(105, 'Africana Studies', '2013-02-21', '08:16:52', '09:42:52', '', '', '', '', 0, 0, 0, 0, 0, 0, 0, '1', 0, 0, 1, 0, 0, 1, 0, 1, 0, 1, 0, 1, 1, 1, 0, 1, 0, 1, 1, 1, 0, 0, 0, 0, 0, 0, 1, 1, 0, '1', 2177377, 3703383),
(106, 'Pre-Engineering', '2013-01-02', '07:27:20', '08:29:20', 'Improve at factoring', 'Great focus', '', 'Complete more practice questions', 0, 0, 1, 0, 0, 1, 1, '0', 0, 0, 1, 1, 0, 0, 1, 0, 1, 0, 1, 0, 1, 0, 0, 1, 1, 0, 1, 1, 1, 1, 1, 1, 0, 1, 0, 1, 1, '1', 2090370, 3118103),
(107, 'International Business', '2013-01-04', '07:33:11', '11:45:11', 'Improve integrating functions', '', '', '', 0, 0, 0, 1, 1, 1, 1, '1', 1, 0, 0, 1, 1, 1, 0, 0, 0, 1, 0, 0, 0, 0, 0, 1, 1, 1, 1, 0, 1, 1, 1, 0, 0, 0, 1, 0, 1, '0', 2167643, 3390753),
(108, 'Chemistry', '2013-01-10', '08:12:11', '11:23:11', 'Explore recursion', '', '', '', 1, 1, 1, 1, 0, 0, 0, '0', 0, 1, 0, 0, 1, 1, 0, 0, 0, 0, 1, 1, 1, 0, 1, 1, 0, 0, 1, 0, 1, 1, 0, 0, 0, 0, 0, 1, 1, '1', 2177377, 3366782),
(109, 'Undecided/Undeclared', '2013-01-06', '07:04:33', '09:24:33', '', '', '', '', 1, 0, 1, 1, 0, 1, 1, '1', 1, 0, 1, 1, 0, 0, 0, 0, 0, 0, 1, 1, 0, 1, 1, 0, 1, 1, 0, 0, 0, 0, 0, 0, 0, 0, 1, 1, 1, '1', 2167643, 3073759),
(110, 'Political Science', '2013-02-23', '08:16:44', '11:54:44', 'Explore GUI creation', '', '', '', 0, 1, 1, 1, 1, 0, 1, '0', 0, 1, 1, 1, 1, 0, 1, 0, 0, 0, 1, 0, 0, 0, 1, 1, 0, 0, 1, 0, 1, 1, 0, 0, 0, 1, 1, 1, 0, '0', 2559916, 3705831),
(111, 'Accounting', '2013-01-23', '08:21:09', '11:37:09', '', '', '', '', 0, 0, 1, 1, 1, 1, 1, '1', 0, 1, 1, 0, 1, 1, 1, 1, 1, 0, 1, 1, 1, 1, 1, 0, 0, 1, 1, 1, 0, 0, 0, 1, 1, 0, 0, 1, 0, '1', 2936916, 3893456),
(112, 'Human Services', '2013-02-03', '08:14:41', '09:30:41', '', '', '', '', 0, 1, 0, 0, 1, 1, 0, '1', 1, 0, 0, 0, 0, 0, 0, 1, 0, 1, 0, 0, 0, 1, 0, 0, 0, 0, 0, 0, 1, 0, 1, 1, 0, 1, 0, 0, 0, '1', 2177377, 3901491),
(113, 'Exercise Physiology', '2013-02-09', '07:50:49', '10:37:49', '', '', '', '', 0, 1, 0, 1, 0, 0, 1, '0', 1, 0, 1, 1, 1, 1, 0, 0, 0, 1, 0, 0, 1, 0, 1, 1, 1, 0, 1, 1, 1, 1, 1, 1, 0, 0, 0, 1, 0, '1', 2090370, 3019065),
(114, 'Pre-Professional Biology', '2013-01-22', '08:43:20', '11:12:20', '', '', '', '', 0, 0, 1, 0, 0, 0, 0, '0', 0, 0, 0, 0, 0, 1, 1, 1, 1, 1, 1, 0, 0, 0, 1, 0, 0, 0, 1, 0, 0, 1, 0, 1, 1, 1, 1, 0, 0, '1', 2176191, 3710470),
(115, 'Human Services', '2013-01-10', '07:15:21', '13:08:21', '', '', '', '', 1, 1, 1, 0, 1, 1, 0, '1', 0, 1, 1, 0, 1, 1, 1, 0, 0, 0, 1, 0, 0, 1, 1, 0, 0, 1, 0, 1, 1, 0, 1, 1, 1, 1, 1, 0, 1, '0', 2144316, 3790814),
(116, 'Africana Studies', '2013-02-11', '08:39:24', '14:02:24', '', '', '', '', 1, 0, 1, 0, 0, 0, 1, '1', 1, 0, 1, 1, 0, 1, 0, 1, 0, 0, 1, 1, 1, 1, 1, 0, 0, 1, 0, 0, 1, 0, 0, 0, 1, 0, 1, 0, 0, '0', 2176191, 3231890),
(117, 'Art', '2013-02-21', '08:00:49', '09:14:49', '', '', '', '', 1, 0, 0, 1, 0, 1, 1, '1', 1, 1, 0, 0, 0, 0, 0, 0, 0, 0, 1, 1, 1, 1, 0, 0, 0, 1, 1, 0, 0, 0, 0, 1, 0, 0, 0, 0, 1, '1', 2559916, 3930369),
(118, 'Clinical Biology', '2013-01-28', '07:09:34', '12:23:34', '', '', '', '', 0, 1, 1, 1, 0, 0, 1, '0', 0, 0, 0, 1, 0, 0, 0, 1, 0, 1, 0, 1, 1, 0, 0, 0, 0, 0, 1, 0, 1, 1, 1, 1, 1, 1, 0, 1, 1, '0', 2090370, 3306880),
(119, 'Foreign Exchange Stu', '2013-01-17', '07:27:45', '09:50:45', '', '', '', '', 0, 1, 0, 1, 1, 1, 1, '0', 0, 1, 1, 1, 1, 0, 0, 0, 1, 1, 1, 1, 1, 1, 0, 0, 1, 1, 0, 0, 1, 0, 0, 0, 1, 1, 1, 1, 0, '0', 2699864, 3253450),
(120, 'History', '2013-01-21', '08:02:51', '13:33:51', '', '', '', '', 1, 0, 0, 1, 1, 0, 0, '0', 1, 1, 1, 1, 1, 1, 1, 0, 0, 0, 1, 1, 1, 1, 1, 1, 0, 0, 1, 0, 1, 1, 0, 1, 1, 0, 0, 1, 0, '1', 2176191, 3390753),
(121, 'Administration', '2013-01-18', '07:56:52', '13:03:52', '', '', '', '', 0, 0, 1, 1, 0, 1, 1, '0', 0, 1, 1, 0, 1, 0, 1, 1, 0, 1, 1, 1, 1, 1, 0, 1, 1, 0, 1, 0, 1, 1, 1, 0, 0, 1, 0, 0, 0, '1', 2144316, 3613632),
(122, 'Education', '2013-02-16', '07:43:23', '09:24:23', '', '', '', '', 1, 1, 0, 0, 1, 0, 0, '1', 0, 0, 0, 0, 1, 1, 0, 1, 0, 0, 1, 1, 1, 0, 0, 0, 0, 1, 1, 1, 1, 0, 1, 1, 1, 0, 0, 1, 1, '0', 2563070, 3073759),
(123, 'English', '2013-01-06', '07:31:36', '11:41:36', '', '', '', '', 1, 0, 1, 0, 0, 0, 1, '1', 0, 0, 1, 1, 1, 0, 0, 1, 1, 1, 1, 1, 1, 0, 1, 1, 0, 1, 0, 1, 0, 0, 0, 1, 0, 1, 1, 1, 0, '1', 2654925, 3073759),
(124, 'Histotechnology', '2013-02-18', '07:07:41', '12:57:41', '', '', '', '', 0, 1, 0, 1, 1, 1, 1, '0', 1, 0, 0, 1, 1, 1, 0, 0, 1, 1, 1, 0, 1, 0, 0, 1, 0, 1, 0, 1, 1, 0, 1, 0, 0, 0, 0, 1, 1, '0', 2195327, 3192459),
(125, 'Philosophy', '2013-01-23', '07:52:25', '13:25:25', '', '', '', '', 1, 0, 0, 1, 1, 0, 1, '1', 1, 0, 1, 1, 0, 0, 0, 1, 1, 1, 0, 1, 1, 1, 1, 1, 1, 0, 1, 0, 0, 0, 1, 1, 0, 1, 1, 1, 0, '1', 2176191, 3719280),
(126, 'Sociology', '2013-02-04', '08:42:39', '11:00:39', '', '', '', '', 0, 0, 0, 1, 1, 1, 1, '0', 1, 0, 1, 1, 0, 0, 0, 1, 1, 0, 1, 1, 0, 0, 0, 0, 0, 0, 1, 0, 1, 0, 1, 0, 1, 0, 1, 1, 1, '0', 2649534, 3901491),
(127, 'Education', '2013-01-29', '07:52:15', '11:45:15', 'Improve at factoring', 'Great focus', '', 'Complete more practice questions', 0, 0, 0, 0, 0, 1, 0, '1', 0, 0, 1, 0, 0, 1, 1, 1, 1, 0, 0, 0, 0, 1, 0, 0, 1, 0, 1, 1, 1, 0, 0, 0, 1, 1, 1, 1, 1, '0', 2090370, 3908817),
(128, 'Marketing', '2013-01-24', '08:26:50', '13:19:50', 'Improve integrating functions', '', '', '', 0, 1, 0, 1, 1, 0, 1, '0', 1, 0, 1, 0, 0, 1, 1, 0, 1, 0, 1, 1, 0, 0, 0, 1, 0, 1, 0, 0, 1, 0, 1, 0, 1, 1, 0, 0, 0, '1', 2699864, 3880232),
(129, 'Undecided/Undeclared', '2013-01-12', '08:30:36', '10:13:36', 'Explore recursion', '', '', '', 0, 0, 1, 1, 1, 1, 0, '0', 0, 1, 0, 0, 0, 1, 0, 0, 1, 0, 0, 1, 0, 0, 1, 0, 0, 1, 1, 1, 1, 1, 0, 1, 0, 0, 1, 1, 0, '1', 2177377, 3397068),
(130, 'CV Perfusion Program', '2013-02-07', '07:33:46', '10:49:46', '', '', '', '', 1, 1, 0, 1, 1, 1, 0, '1', 1, 0, 1, 0, 0, 0, 0, 0, 1, 0, 0, 0, 1, 1, 1, 0, 1, 1, 1, 1, 0, 1, 0, 1, 0, 1, 0, 0, 0, '1', 2559916, 3192459),
(131, 'History', '2013-01-31', '08:39:05', '11:40:05', 'Explore GUI creation', '', '', '', 0, 1, 1, 1, 1, 1, 1, '0', 1, 0, 1, 1, 1, 1, 1, 0, 1, 1, 1, 1, 1, 0, 1, 0, 0, 0, 0, 1, 1, 1, 1, 0, 1, 0, 0, 0, 0, '0', 2090370, 3416592),
(132, 'English', '2013-01-28', '08:31:05', '13:23:05', '', '', '', '', 0, 1, 0, 1, 0, 0, 1, '1', 1, 0, 0, 1, 0, 1, 1, 1, 0, 1, 1, 1, 1, 0, 0, 0, 1, 0, 1, 1, 0, 1, 0, 1, 0, 0, 1, 1, 1, '0', 2176191, 3019065),
(133, 'Marketing', '2013-01-15', '07:13:38', '09:53:38', '', '', '', '', 0, 0, 0, 1, 1, 0, 1, '1', 1, 1, 1, 0, 0, 0, 0, 0, 1, 0, 0, 1, 1, 1, 1, 1, 1, 1, 1, 1, 0, 1, 1, 0, 0, 1, 0, 0, 0, '1', 2189703, 3901491),
(134, 'Software Engineering', '2013-02-10', '08:19:00', '10:31:00', '', '', '', '', 1, 1, 1, 1, 0, 1, 1, '0', 1, 1, 0, 0, 0, 1, 1, 0, 1, 1, 0, 1, 1, 1, 1, 0, 0, 0, 0, 0, 0, 0, 0, 1, 1, 0, 0, 1, 1, '0', 2563070, 3117829),
(135, 'Info Technology', '2013-02-12', '08:02:23', '13:38:23', '', '', '', '', 0, 1, 0, 1, 1, 0, 0, '1', 1, 1, 0, 1, 0, 1, 0, 1, 1, 0, 0, 0, 0, 1, 1, 0, 1, 0, 0, 1, 1, 1, 1, 1, 0, 0, 1, 0, 1, '1', 2654925, 3253450),
(136, 'Sport Management', '2013-01-15', '07:40:20', '12:09:20', '', '', '', '', 1, 0, 0, 0, 1, 1, 1, '0', 0, 0, 1, 1, 0, 0, 0, 1, 1, 1, 1, 0, 1, 0, 1, 1, 1, 0, 0, 1, 0, 1, 0, 1, 0, 0, 0, 1, 0, '1', 2631706, 3397068),
(137, 'Exercise Physiology', '2013-02-11', '07:21:44', '09:01:44', '', '', '', '', 1, 0, 1, 0, 1, 1, 1, '0', 0, 0, 0, 0, 1, 0, 0, 0, 0, 0, 1, 1, 1, 1, 0, 0, 0, 0, 0, 1, 0, 0, 1, 0, 0, 1, 0, 0, 0, '1', 2692833, 3708813),
(138, 'Mathematics', '2013-02-19', '08:15:07', '12:55:07', '', '', '', '', 1, 0, 0, 1, 1, 1, 1, '0', 1, 0, 0, 0, 0, 1, 1, 0, 1, 1, 1, 0, 0, 0, 0, 0, 0, 1, 1, 1, 0, 1, 1, 1, 0, 0, 0, 1, 0, '0', 2176191, 3990160),
(139, 'Comm & Media Studies', '2013-01-05', '08:13:01', '12:34:01', '', '', '', '', 1, 1, 0, 0, 1, 1, 1, '1', 1, 0, 0, 0, 1, 1, 1, 0, 1, 1, 0, 0, 1, 1, 1, 0, 0, 0, 0, 1, 1, 0, 0, 1, 0, 1, 1, 1, 1, '1', 2699864, 3090275),
(140, 'Health Serv Admin', '2013-02-26', '08:38:57', '11:01:57', '', '', '', '', 0, 0, 0, 0, 1, 0, 0, '0', 0, 0, 1, 1, 1, 1, 1, 0, 1, 1, 1, 0, 0, 1, 0, 1, 1, 1, 0, 1, 0, 0, 0, 0, 0, 0, 1, 1, 1, '1', 2510463, 3600100),
(141, 'Administration', '2013-01-28', '08:42:05', '10:20:05', '', '', '', '', 1, 0, 1, 1, 0, 0, 0, '1', 1, 0, 1, 1, 0, 0, 0, 1, 1, 1, 0, 1, 0, 0, 1, 0, 1, 0, 1, 1, 1, 1, 0, 0, 0, 0, 1, 1, 1, '1', 2144316, 3613632),
(142, 'Administration', '2013-01-08', '07:18:22', '09:38:22', '', '', '', '', 1, 1, 1, 1, 0, 0, 0, '0', 1, 1, 0, 0, 1, 1, 1, 1, 1, 1, 0, 1, 1, 0, 0, 1, 1, 0, 1, 0, 0, 1, 1, 1, 0, 1, 0, 1, 1, '1', 2176191, 3253450),
(143, 'Software Engineering', '2013-02-12', '07:21:53', '13:08:53', '', '', '', '', 0, 1, 0, 1, 0, 1, 0, '0', 0, 0, 0, 1, 0, 0, 1, 1, 1, 1, 1, 1, 0, 0, 0, 0, 0, 1, 1, 1, 0, 0, 1, 0, 1, 1, 0, 0, 1, '0', 2510463, 3231890),
(144, 'Health Serv Admin', '2013-02-02', '07:11:20', '10:00:20', '', '', '', '', 0, 0, 0, 1, 1, 0, 0, '0', 0, 1, 0, 0, 1, 0, 1, 0, 1, 0, 1, 1, 0, 0, 1, 0, 1, 1, 1, 1, 0, 0, 1, 0, 0, 1, 0, 1, 1, '1', 2177377, 3708813),
(145, 'Advertising', '2013-01-17', '07:09:34', '13:07:34', '', '', '', '', 0, 0, 1, 0, 1, 0, 0, '0', 1, 0, 1, 0, 1, 0, 1, 1, 0, 1, 1, 1, 0, 1, 1, 1, 1, 0, 1, 1, 0, 0, 0, 1, 0, 1, 1, 0, 1, '0', 2176191, 3180511),
(146, 'Music Performance', '2013-02-14', '08:34:21', '11:38:21', 'Improve at factoring', 'Great focus', '', 'Complete more practice questions', 1, 1, 0, 1, 1, 0, 1, '1', 1, 0, 1, 0, 1, 0, 0, 0, 1, 0, 1, 1, 1, 0, 1, 1, 0, 1, 0, 0, 1, 0, 1, 0, 1, 1, 0, 1, 0, '1', 2189703, 3416592),
(147, 'Photography', '2013-02-10', '08:40:10', '10:47:10', 'Improve integrating functions', '', '', '', 0, 0, 0, 0, 1, 1, 1, '0', 0, 1, 0, 0, 1, 0, 1, 1, 1, 0, 0, 1, 1, 1, 1, 0, 1, 1, 1, 0, 1, 1, 0, 0, 1, 0, 1, 1, 1, '1', 2563070, 3370200),
(148, 'Nursing', '2013-01-18', '07:31:20', '12:43:20', 'Explore recursion', '', '', '', 0, 0, 1, 1, 1, 0, 0, '0', 1, 0, 1, 0, 0, 1, 1, 1, 1, 0, 1, 1, 1, 0, 1, 0, 1, 0, 1, 1, 0, 1, 0, 0, 1, 0, 1, 0, 0, '1', 2166987, 3276176),
(149, 'Nursing', '2013-02-27', '08:42:54', '09:56:54', '', '', '', '', 1, 0, 0, 0, 0, 0, 0, '0', 0, 1, 0, 0, 0, 1, 1, 1, 1, 0, 1, 0, 1, 1, 1, 1, 1, 0, 1, 0, 0, 1, 1, 0, 1, 1, 1, 1, 0, '1', 2601258, 3967677),
(150, 'English', '2013-01-02', '07:25:28', '08:45:28', 'Explore GUI creation', '', '', '', 1, 1, 0, 0, 0, 1, 0, '1', 1, 0, 0, 0, 1, 1, 1, 1, 1, 0, 0, 0, 1, 1, 0, 1, 1, 1, 0, 1, 1, 0, 0, 1, 1, 1, 0, 1, 0, '1', 2563070, 3516423),
(151, 'Music Performance', '2013-02-09', '07:49:39', '09:23:39', '', '', '', '', 0, 1, 1, 1, 0, 0, 1, '1', 1, 1, 1, 0, 1, 0, 0, 0, 1, 1, 0, 0, 1, 1, 0, 1, 1, 0, 0, 0, 0, 0, 0, 0, 0, 1, 0, 0, 1, '1', 2649534, 3495335),
(152, 'Psychology', '2013-01-02', '07:54:15', '10:30:15', '', '', '', '', 0, 0, 0, 1, 1, 1, 0, '0', 1, 1, 0, 0, 0, 0, 0, 0, 0, 1, 0, 1, 1, 0, 1, 0, 1, 1, 1, 0, 1, 1, 0, 1, 0, 0, 1, 1, 0, '0', 2631706, 3102859),
(153, 'Biology', '2013-02-18', '08:12:02', '14:00:02', '', '', '', '', 0, 0, 0, 0, 0, 0, 0, '0', 0, 0, 1, 0, 1, 0, 0, 0, 1, 0, 0, 0, 1, 1, 0, 0, 0, 0, 1, 0, 0, 0, 1, 1, 1, 0, 0, 1, 0, '0', 2144316, 3703383),
(154, 'Africana Studies', '2013-01-24', '08:08:58', '09:27:58', '', '', '', '', 0, 0, 1, 0, 1, 0, 0, '1', 0, 0, 1, 0, 1, 0, 1, 0, 1, 1, 0, 1, 1, 1, 1, 1, 1, 0, 0, 1, 1, 0, 1, 1, 1, 1, 0, 1, 1, '0', 2510463, 3274049),
(155, 'Music Performance', '2013-01-21', '08:12:06', '11:45:06', '', '', '', '', 1, 1, 0, 1, 0, 1, 0, '1', 0, 1, 1, 1, 1, 0, 0, 0, 0, 1, 1, 1, 1, 1, 0, 1, 0, 1, 0, 1, 1, 0, 0, 1, 1, 0, 1, 1, 0, '0', 2166987, 3416592),
(156, 'Marine Biology', '2013-02-01', '07:48:26', '12:27:26', '', '', '', '', 1, 0, 0, 1, 1, 0, 0, '0', 0, 1, 1, 0, 0, 0, 1, 0, 1, 1, 1, 0, 0, 0, 0, 1, 0, 0, 1, 1, 0, 1, 0, 0, 1, 0, 0, 0, 0, '0', 2112960, 3731395),
(157, 'Theatre', '2013-02-23', '08:32:58', '12:09:58', '', '', '', '', 1, 1, 0, 0, 1, 0, 0, '0', 1, 0, 0, 1, 1, 1, 0, 1, 0, 0, 1, 1, 1, 1, 1, 0, 1, 1, 1, 1, 0, 1, 1, 1, 1, 0, 1, 0, 1, '1', 2090370, 3577083),
(158, 'Administration', '2013-02-17', '08:06:35', '12:03:35', '', '', '', '', 1, 1, 0, 1, 0, 1, 0, '0', 1, 0, 1, 0, 1, 1, 0, 1, 1, 0, 0, 1, 1, 1, 0, 1, 1, 1, 0, 0, 0, 0, 1, 1, 1, 0, 0, 0, 0, '0', 2176191, 3125631),
(159, 'Histotechnology', '2013-01-19', '07:35:44', '12:16:44', '', '', '', '', 0, 1, 0, 0, 0, 0, 0, '0', 1, 1, 0, 1, 0, 0, 0, 0, 0, 0, 1, 1, 0, 1, 1, 1, 1, 1, 0, 0, 0, 1, 1, 1, 0, 0, 0, 0, 0, '1', 2167643, 3694818),
(160, 'Public Relations', '2013-01-26', '07:07:28', '12:32:28', '', '', '', '', 0, 0, 0, 0, 1, 0, 1, '0', 0, 0, 1, 0, 0, 1, 0, 0, 1, 1, 0, 1, 0, 1, 0, 0, 0, 1, 1, 1, 0, 1, 1, 1, 0, 0, 0, 1, 0, '1', 2189703, 3277769),
(161, 'Info Technology', '2013-02-12', '07:24:08', '09:23:08', '', '', '', '', 0, 0, 1, 0, 0, 0, 1, '1', 0, 1, 1, 1, 1, 1, 1, 1, 0, 0, 1, 1, 1, 0, 0, 1, 0, 1, 0, 1, 0, 0, 0, 1, 0, 1, 0, 0, 1, '1', 2177377, 3090275),
(162, 'Biology', '2013-02-02', '07:55:04', '09:45:04', 'Improve at factoring', 'Great focus', '', 'Complete more practice questions', 0, 1, 0, 0, 1, 0, 0, '0', 0, 1, 0, 0, 1, 0, 1, 1, 1, 1, 1, 1, 1, 1, 1, 0, 0, 1, 0, 1, 1, 1, 1, 1, 1, 1, 0, 1, 1, '1', 2112960, 3694818),
(163, 'Info Technology', '2013-01-02', '08:40:47', '10:46:47', 'Improve integrating functions', '', '', '', 0, 1, 1, 1, 0, 1, 0, '1', 0, 0, 0, 0, 0, 0, 1, 1, 1, 0, 0, 0, 1, 1, 1, 0, 0, 1, 1, 0, 0, 0, 1, 1, 0, 1, 1, 0, 1, '0', 2189703, 3967677),
(164, 'Applied Sport & Exercise Scien', '2013-01-03', '08:15:02', '13:46:02', 'Explore recursion', '', '', '', 0, 0, 1, 1, 1, 1, 0, '0', 0, 1, 0, 1, 1, 0, 0, 0, 0, 1, 1, 1, 1, 1, 0, 1, 1, 0, 0, 0, 0, 1, 0, 1, 1, 0, 0, 1, 1, '0', 2189703, 3710607),
(165, 'Africana Studies', '2013-03-01', '08:18:07', '13:27:07', '', '', '', '', 0, 1, 1, 1, 1, 0, 0, '1', 0, 0, 1, 0, 1, 1, 1, 0, 0, 1, 0, 0, 1, 0, 0, 0, 1, 0, 1, 1, 1, 1, 1, 0, 1, 1, 1, 1, 1, '0', 2563070, 3662054),
(166, 'Advertising', '2013-01-29', '07:32:14', '10:36:14', 'Explore GUI creation', '', '', '', 1, 0, 0, 1, 0, 0, 1, '1', 1, 0, 1, 0, 1, 1, 0, 1, 1, 1, 1, 0, 0, 1, 0, 0, 1, 0, 1, 0, 0, 0, 1, 0, 1, 1, 1, 1, 1, '1', 2563070, 3704106),
(167, 'Spanish', '2013-02-03', '07:17:11', '09:03:11', '', '', '', '', 0, 1, 1, 0, 1, 0, 0, '0', 1, 1, 1, 1, 0, 1, 1, 0, 1, 0, 0, 0, 0, 1, 0, 1, 0, 0, 1, 0, 1, 0, 0, 0, 1, 1, 0, 1, 0, '0', 2177377, 3306880),
(168, 'CV Perfusion Program', '2013-02-15', '07:30:34', '10:33:34', '', '', '', '', 1, 0, 1, 1, 0, 0, 1, '0', 0, 1, 1, 0, 0, 0, 1, 1, 1, 1, 0, 1, 0, 0, 1, 0, 0, 1, 1, 1, 1, 0, 1, 1, 0, 0, 1, 1, 1, '0', 2189703, 3022524),
(169, 'Nursing', '2013-03-01', '07:12:06', '09:20:06', '', '', '', '', 0, 1, 1, 1, 1, 1, 0, '1', 1, 1, 1, 0, 1, 0, 0, 0, 0, 1, 0, 1, 1, 1, 1, 1, 0, 1, 0, 0, 0, 1, 1, 0, 1, 1, 0, 0, 1, '1', 2510463, 3705831),
(170, 'CV Perfusion Program', '2013-01-25', '07:45:51', '13:09:51', '', '', '', '', 0, 0, 0, 0, 1, 0, 1, '0', 1, 0, 0, 0, 0, 0, 1, 0, 0, 1, 1, 1, 0, 1, 0, 0, 1, 1, 0, 1, 0, 0, 0, 1, 1, 0, 1, 0, 1, '1', 2090370, 3705831),
(171, 'Psychology', '2013-01-19', '08:43:12', '11:32:12', 'Improve at factoring', 'Great focus', '', 'Complete more practice questions', 1, 1, 1, 0, 0, 1, 0, '0', 1, 0, 1, 1, 0, 0, 1, 1, 0, 1, 1, 1, 0, 1, 1, 1, 1, 0, 1, 1, 0, 1, 1, 1, 0, 1, 0, 1, 0, '1', 2177377, 3416592),
(172, 'Music', '2013-01-25', '08:37:39', '11:29:39', 'Improve integrating functions', '', '', '', 0, 0, 0, 1, 0, 0, 0, '0', 1, 1, 0, 0, 1, 1, 1, 0, 0, 0, 1, 1, 1, 0, 1, 1, 0, 0, 0, 0, 1, 0, 1, 1, 1, 0, 0, 0, 1, '1', 2699864, 3468602),
(173, 'CV Perfusion Program', '2013-02-02', '07:33:13', '12:39:13', 'Explore recursion', '', '', '', 0, 1, 0, 0, 0, 0, 1, '1', 0, 1, 1, 0, 0, 1, 1, 0, 0, 0, 0, 0, 0, 1, 1, 0, 1, 1, 0, 0, 0, 1, 1, 0, 0, 0, 1, 0, 1, '1', 2166987, 3970182),
(174, 'Info Technology', '2013-02-19', '07:55:38', '13:24:38', '', '', '', '', 0, 0, 1, 0, 0, 0, 0, '1', 1, 1, 1, 1, 0, 1, 0, 0, 1, 0, 1, 1, 1, 1, 1, 1, 1, 0, 0, 1, 1, 0, 0, 1, 0, 0, 1, 1, 0, '0', 2389712, 3933429),
(175, 'Broadcast and Emerging Media', '2013-02-11', '07:01:13', '08:47:13', 'Explore GUI creation', '', '', '', 0, 1, 0, 0, 1, 1, 1, '0', 0, 0, 0, 1, 1, 1, 0, 1, 0, 0, 1, 1, 1, 1, 0, 1, 0, 0, 0, 0, 0, 0, 0, 1, 1, 0, 1, 0, 0, '0', 2563070, 3324086),
(176, 'CV Perfusion Program', '2013-01-12', '07:02:07', '09:11:07', '', '', '', '', 0, 1, 1, 0, 1, 1, 1, '0', 0, 1, 0, 0, 1, 0, 1, 1, 1, 1, 1, 1, 0, 1, 0, 1, 1, 1, 0, 1, 1, 1, 0, 0, 1, 1, 1, 1, 0, '1', 2189703, 3022524),
(177, 'English', '2013-02-18', '08:18:36', '13:45:36', '', '', '', '', 1, 0, 0, 0, 1, 0, 1, '1', 1, 0, 1, 1, 1, 1, 0, 1, 1, 1, 0, 0, 1, 0, 0, 1, 0, 1, 0, 1, 0, 0, 1, 0, 0, 0, 0, 1, 0, '1', 2936916, 3022524),
(178, 'Mathematics', '2013-02-27', '08:31:47', '11:25:47', '', '', '', '', 1, 0, 0, 0, 0, 0, 0, '1', 0, 1, 0, 1, 0, 0, 1, 1, 1, 1, 0, 1, 0, 1, 0, 1, 1, 1, 0, 0, 0, 0, 0, 0, 1, 1, 0, 1, 0, '0', 2510463, 3120124),
(179, 'Computer Info Sciences', '2013-01-02', '08:40:06', '11:25:06', '', '', '', '', 0, 1, 1, 0, 0, 0, 1, '1', 0, 0, 1, 0, 0, 1, 0, 1, 0, 0, 0, 0, 0, 0, 1, 0, 1, 0, 0, 1, 1, 0, 0, 0, 0, 0, 0, 0, 1, '0', 2510463, 3930369),
(180, 'Pre-Engineering', '2013-01-12', '07:18:57', '13:11:57', '', '', '', '', 0, 1, 1, 0, 1, 1, 0, '0', 1, 1, 1, 1, 0, 1, 0, 1, 1, 0, 0, 0, 1, 1, 1, 0, 0, 0, 0, 1, 0, 0, 0, 0, 1, 0, 1, 0, 0, '0', 2936916, 3893456),
(181, 'Public Admin', '2013-01-25', '08:10:27', '13:05:27', '', '', '', '', 0, 1, 0, 1, 0, 1, 0, '0', 1, 1, 1, 1, 0, 1, 1, 1, 1, 1, 0, 1, 0, 1, 0, 0, 1, 0, 0, 1, 1, 0, 1, 1, 1, 0, 0, 1, 1, '1', 2195327, 3277769),
(182, 'Pre-Engineering', '2013-01-20', '08:40:54', '14:23:54', '', '', '', '', 0, 0, 1, 1, 0, 0, 0, '1', 0, 1, 0, 0, 0, 1, 1, 0, 0, 0, 1, 1, 1, 0, 1, 1, 1, 0, 1, 0, 0, 0, 1, 0, 1, 1, 0, 0, 1, '1', 2654925, 3972043),
(183, 'Pre-Engineering', '2013-01-23', '07:41:16', '11:26:16', 'Improve at factoring', 'Great focus', '', 'Complete more practice questions', 0, 0, 1, 1, 1, 0, 0, '0', 0, 1, 1, 0, 1, 0, 1, 0, 0, 0, 0, 0, 0, 1, 1, 0, 1, 1, 0, 1, 1, 1, 0, 1, 1, 0, 0, 1, 0, '0', 2166987, 3390753),
(184, 'Histotechnology', '2013-02-26', '07:51:29', '12:34:29', 'Improve integrating functions', '', '', '', 0, 1, 0, 1, 0, 0, 1, '1', 1, 0, 1, 0, 1, 1, 0, 0, 1, 1, 1, 1, 0, 0, 1, 0, 1, 0, 0, 1, 0, 0, 1, 0, 0, 0, 0, 0, 0, '1', 2144316, 3817964),
(185, 'Social Work', '2013-02-06', '07:17:37', '08:31:37', 'Explore recursion', '', '', '', 0, 1, 0, 1, 1, 0, 0, '0', 1, 1, 1, 0, 1, 0, 0, 0, 0, 0, 1, 1, 1, 1, 0, 1, 1, 0, 0, 1, 0, 1, 1, 1, 0, 0, 0, 1, 0, '0', 2631706, 3790814),
(186, 'Liberal Studies', '2013-01-25', '07:23:31', '11:17:31', '', '', '', '', 0, 0, 1, 1, 0, 0, 1, '1', 0, 1, 0, 1, 0, 1, 0, 1, 0, 0, 1, 0, 0, 0, 1, 0, 0, 0, 1, 0, 0, 1, 0, 0, 1, 0, 1, 0, 0, '1', 2144316, 3468602),
(187, 'Advertising', '2013-01-21', '08:39:22', '11:23:22', 'Explore GUI creation', '', '', '', 0, 1, 1, 1, 1, 0, 0, '0', 0, 1, 1, 1, 0, 0, 1, 0, 1, 0, 1, 1, 0, 1, 0, 0, 1, 1, 0, 0, 0, 0, 1, 1, 0, 0, 1, 1, 1, '1', 2189703, 3908817),
(188, 'Public Admin', '2013-01-12', '08:01:24', '09:43:24', '', '', '', '', 0, 0, 0, 0, 0, 0, 1, '0', 0, 1, 1, 1, 1, 0, 1, 0, 0, 0, 1, 1, 0, 0, 0, 0, 1, 0, 1, 0, 0, 1, 1, 1, 1, 1, 0, 1, 1, '1', 2699864, 3794661),
(189, 'Liberal Studies', '2013-02-11', '07:08:26', '09:27:26', '', '', '', '', 0, 0, 1, 0, 1, 1, 1, '0', 1, 1, 1, 0, 1, 1, 0, 0, 0, 0, 1, 0, 0, 1, 0, 0, 1, 0, 1, 0, 0, 0, 0, 1, 1, 0, 0, 1, 0, '1', 2510463, 3704106),
(190, 'Software Engineering', '2013-02-11', '07:02:37', '09:14:37', '', '', '', '', 1, 1, 1, 1, 1, 0, 1, '1', 0, 0, 0, 1, 0, 0, 1, 0, 0, 1, 0, 0, 1, 1, 0, 1, 1, 0, 0, 0, 1, 1, 1, 1, 0, 0, 0, 0, 0, '1', 2166987, 3102859),
(191, 'Exercise Physiology', '2013-01-03', '07:03:24', '10:10:24', '', '', '', '', 0, 0, 1, 0, 1, 0, 1, '0', 0, 1, 1, 1, 1, 0, 0, 1, 1, 1, 1, 1, 0, 1, 0, 0, 0, 0, 1, 1, 0, 1, 1, 1, 1, 1, 0, 1, 0, '1', 2510463, 3031184),
(192, 'Pre-Professional Biology', '2013-03-01', '07:16:07', '12:51:07', '', '', '', '', 0, 1, 0, 1, 1, 0, 0, '0', 0, 0, 1, 0, 0, 0, 0, 0, 0, 0, 1, 1, 0, 1, 0, 0, 0, 0, 1, 0, 0, 1, 0, 0, 0, 0, 1, 1, 0, '1', 2559916, 3988299),
(193, 'Music Performance', '2013-02-26', '08:38:50', '12:06:50', '', '', '', '', 1, 0, 0, 0, 1, 1, 0, '1', 1, 1, 0, 1, 0, 0, 1, 1, 1, 1, 1, 0, 1, 1, 0, 1, 0, 1, 1, 1, 1, 0, 1, 0, 0, 0, 1, 0, 1, '1', 2389712, 3346705),
(194, 'Administration', '2013-03-01', '07:25:03', '12:35:03', '', '', '', '', 1, 1, 0, 0, 1, 0, 0, '1', 0, 0, 0, 1, 1, 0, 0, 1, 0, 1, 1, 1, 1, 1, 0, 1, 0, 1, 1, 1, 0, 0, 1, 0, 1, 1, 1, 1, 0, '1', 2176191, 3794661),
(195, 'Africana Studies', '2013-02-10', '07:59:02', '09:10:02', '', '', '', '', 0, 1, 0, 1, 1, 0, 0, '1', 0, 1, 0, 0, 0, 0, 0, 0, 0, 1, 1, 1, 0, 1, 0, 0, 1, 1, 1, 1, 1, 1, 1, 1, 0, 1, 0, 0, 0, '0', 2176191, 3967677),
(196, 'Computer Science', '2013-01-28', '07:56:34', '10:54:34', '', '', '', '', 1, 1, 1, 0, 1, 1, 1, '1', 1, 1, 0, 1, 1, 1, 0, 1, 0, 1, 1, 1, 0, 0, 1, 1, 0, 0, 0, 1, 1, 0, 1, 0, 0, 0, 1, 1, 0, '0', 2510463, 3708813),
(197, 'Athletic Training', '2013-02-11', '08:34:58', '12:55:58', '', '', '', '', 0, 0, 0, 1, 1, 1, 1, '1', 0, 0, 1, 0, 0, 0, 0, 1, 0, 1, 1, 0, 1, 0, 1, 1, 1, 1, 1, 0, 1, 1, 1, 1, 0, 1, 1, 1, 0, '1', 2559916, 3455421),
(198, 'Public Admin', '2013-02-12', '07:37:03', '13:00:03', 'Improve at factoring', 'Great focus', '', 'Complete more practice questions', 1, 0, 1, 1, 0, 0, 1, '1', 1, 0, 0, 1, 0, 1, 1, 1, 0, 0, 0, 1, 0, 1, 1, 1, 1, 0, 0, 1, 0, 0, 0, 0, 1, 1, 0, 1, 1, '0', 2177377, 3117829),
(199, 'Foreign Exchange Stu', '2013-02-17', '07:43:11', '10:05:11', 'Improve integrating functions', '', '', '', 1, 0, 1, 0, 1, 0, 0, '1', 0, 0, 1, 0, 0, 0, 0, 0, 0, 1, 0, 0, 1, 0, 0, 0, 0, 0, 0, 1, 1, 1, 1, 0, 1, 1, 0, 1, 1, '0', 2167643, 3941392),
(200, 'Marine Biology', '2013-01-18', '08:28:24', '14:16:24', 'Explore recursion', '', '', '', 1, 1, 0, 0, 1, 0, 0, '1', 1, 1, 0, 1, 1, 0, 0, 0, 0, 1, 1, 1, 1, 1, 0, 1, 0, 1, 0, 0, 0, 1, 0, 1, 1, 1, 1, 1, 0, '0', 2649534, 3733953),
(201, 'Public Admin', '2013-02-22', '07:04:45', '12:01:45', '', '', '', '', 1, 0, 1, 0, 0, 0, 1, '0', 0, 1, 0, 1, 0, 0, 0, 1, 0, 0, 1, 0, 0, 1, 1, 1, 0, 0, 0, 0, 0, 1, 0, 1, 0, 1, 1, 0, 1, '0', 2177377, 3893456),
(202, 'Foreign Exchange Stu', '2013-01-22', '07:44:44', '12:07:44', 'Explore GUI creation', '', '', '', 0, 1, 1, 1, 0, 1, 1, '0', 0, 0, 0, 1, 0, 1, 1, 1, 1, 0, 0, 0, 1, 0, 0, 0, 0, 1, 0, 1, 1, 1, 1, 0, 1, 1, 1, 1, 1, '1', 2189703, 3495335),
(203, 'Art', '2013-01-14', '07:57:51', '12:51:51', '', '', '', '', 1, 0, 1, 0, 0, 0, 1, '1', 1, 1, 0, 0, 0, 1, 1, 0, 0, 0, 0, 1, 1, 1, 0, 0, 0, 0, 0, 0, 1, 0, 0, 1, 0, 0, 1, 1, 1, '0', 2389712, 3120124),
(204, 'Human Services', '2013-02-01', '08:18:09', '13:16:09', '', '', '', '', 1, 1, 0, 1, 0, 1, 1, '1', 0, 1, 0, 0, 0, 0, 0, 1, 0, 0, 1, 0, 0, 0, 1, 0, 1, 1, 1, 1, 0, 1, 1, 1, 0, 1, 1, 0, 0, '1', 2177377, 3022524),
(205, 'Computer Info Sciences', '2013-02-04', '07:59:34', '10:20:34', '', '', '', '', 1, 0, 1, 1, 1, 0, 0, '1', 1, 1, 0, 0, 0, 0, 1, 1, 1, 0, 0, 0, 0, 0, 1, 0, 0, 0, 1, 0, 1, 0, 0, 1, 1, 0, 0, 1, 1, '1', 2936916, 3468602),
(206, 'Computer Info Sciences', '2013-01-30', '07:09:20', '10:35:20', '', '', '', '', 0, 0, 0, 0, 0, 0, 1, '0', 0, 1, 1, 1, 1, 1, 1, 1, 0, 0, 1, 1, 0, 1, 0, 0, 1, 0, 0, 1, 0, 0, 0, 0, 1, 1, 1, 0, 0, '0', 2936916, 3396382),
(207, 'Administration', '2013-01-10', '07:51:07', '11:13:07', '', '', '', '', 1, 0, 0, 1, 1, 1, 0, '0', 1, 1, 0, 0, 1, 0, 1, 0, 1, 0, 0, 1, 0, 1, 1, 0, 1, 1, 0, 1, 0, 1, 1, 0, 0, 0, 0, 1, 0, '1', 2195327, 3231890),
(208, 'International Business', '2013-02-05', '08:34:47', '10:32:47', '', '', '', '', 0, 0, 0, 0, 1, 0, 1, '1', 0, 1, 0, 0, 0, 1, 0, 0, 0, 1, 0, 0, 0, 0, 0, 0, 0, 1, 1, 1, 0, 0, 1, 0, 1, 1, 1, 0, 1, '0', 2510463, 3179786),
(209, 'Education', '2013-01-05', '07:38:03', '10:05:03', '', '', '', '', 0, 0, 1, 0, 0, 1, 0, '1', 0, 0, 0, 1, 1, 1, 1, 1, 0, 0, 0, 0, 1, 1, 1, 1, 0, 1, 0, 1, 0, 1, 0, 1, 0, 0, 1, 0, 1, '0', 2195327, 3120124),
(210, 'International Business', '2013-02-19', '08:35:20', '10:03:20', '', '', '', '', 0, 0, 1, 0, 1, 1, 0, '0', 1, 0, 1, 1, 1, 1, 0, 0, 1, 0, 1, 1, 1, 1, 0, 1, 0, 1, 1, 0, 0, 0, 0, 1, 1, 0, 1, 1, 0, '1', 2144316, 3416592),
(211, 'Broadcast and Emerging Media', '2013-02-16', '08:38:33', '11:00:33', '', '', '', '', 0, 1, 0, 0, 1, 0, 0, '1', 0, 1, 1, 0, 0, 0, 0, 0, 1, 1, 0, 0, 1, 1, 1, 0, 0, 1, 0, 1, 1, 0, 0, 0, 1, 0, 1, 1, 0, '1', 2631706, 3705831),
(212, 'Sport, Exerc & Perf Psy', '2013-02-21', '08:01:07', '13:31:07', '', '', '', '', 1, 1, 1, 1, 1, 1, 1, '0', 0, 1, 1, 1, 1, 0, 0, 0, 0, 1, 1, 0, 0, 0, 0, 0, 1, 1, 0, 1, 1, 1, 0, 1, 0, 0, 0, 0, 0, '1', 2176191, 3807847),
(213, 'Info Technology', '2013-01-19', '08:36:13', '11:47:13', '', '', '', '', 1, 1, 0, 1, 0, 0, 0, '0', 0, 0, 1, 1, 1, 0, 0, 1, 1, 1, 0, 1, 0, 0, 0, 1, 0, 1, 1, 0, 0, 1, 0, 1, 1, 0, 0, 0, 1, '0', 2936916, 3306880),
(214, 'History', '2013-02-18', '07:13:28', '12:46:28', '', '', '', '', 1, 1, 0, 1, 0, 0, 1, '0', 1, 0, 0, 0, 0, 0, 1, 0, 1, 1, 0, 1, 0, 1, 0, 1, 1, 0, 0, 1, 1, 1, 0, 0, 0, 0, 0, 0, 1, '1', 2631706, 3933429),
(215, 'Africana Studies', '2013-02-01', '08:44:44', '13:45:44', '', '', '', '', 1, 1, 0, 0, 0, 1, 0, '0', 0, 1, 0, 0, 1, 1, 0, 1, 1, 1, 1, 0, 0, 1, 0, 1, 0, 1, 0, 0, 0, 1, 0, 1, 0, 0, 0, 1, 1, '1', 2559916, 3880232),
(216, 'Philosophy', '2013-01-18', '07:29:19', '10:54:19', 'Improve at factoring', 'Great focus', '', 'Complete more practice questions', 0, 1, 1, 0, 0, 0, 1, '0', 0, 0, 0, 1, 0, 0, 0, 0, 0, 0, 1, 1, 0, 0, 1, 1, 0, 1, 0, 0, 0, 0, 0, 1, 0, 0, 0, 0, 1, '1', 2166987, 3970182),
(217, 'Marine Biology', '2013-01-29', '07:34:25', '10:26:25', 'Improve integrating functions', '', '', '', 1, 0, 1, 0, 1, 0, 0, '1', 1, 0, 0, 0, 1, 1, 1, 0, 0, 0, 1, 1, 1, 1, 1, 0, 1, 1, 1, 1, 1, 0, 1, 1, 1, 1, 1, 1, 1, '0', 2649534, 3250203),
(218, 'Accounting', '2013-01-13', '08:28:36', '11:54:36', 'Explore recursion', '', '', '', 0, 1, 0, 0, 0, 0, 0, '1', 1, 0, 0, 1, 1, 0, 0, 1, 1, 1, 0, 0, 0, 0, 0, 1, 0, 1, 0, 0, 0, 1, 0, 0, 0, 1, 1, 1, 0, '1', 2699864, 3710607),
(219, 'Pre-Professional Biology', '2013-02-12', '08:40:15', '09:58:15', '', '', '', '', 0, 0, 0, 0, 1, 0, 0, '0', 1, 0, 0, 0, 0, 1, 0, 1, 1, 1, 0, 1, 0, 1, 1, 1, 0, 1, 1, 0, 0, 1, 1, 0, 1, 1, 0, 0, 1, '0', 2649534, 3941392),
(220, 'Administration', '2013-02-18', '08:31:38', '11:53:38', 'Explore GUI creation', '', '', '', 1, 1, 1, 1, 1, 0, 0, '0', 0, 1, 1, 0, 0, 0, 1, 1, 1, 1, 0, 0, 1, 1, 1, 0, 0, 1, 0, 0, 1, 0, 1, 1, 0, 0, 0, 1, 0, '1', 2167643, 3306880);
INSERT INTO `clinical_record` (`CR_ID`, `SUBJECT`, `RECORD_DATE`, `TIME_IN`, `TIME_OUT`, `INSTRUCTIONAL_PLAN`, `OBSERVED_STRENGTHS`, `AREAS_FOR_IMPROVEMENTS`, `WHAT_SHOULD_HAPPEN_NEXT`, `INSTRUCTIONAL_INTERVENTION1`, `INSTRUCTIONAL_INTERVENTION2`, `INSTRUCTIONAL_INTERVENTION3`, `INSTRUCTIONAL_INTERVENTION4`, `INSTRUCTIONAL_INTERVENTION5`, `INSTRUCTIONAL_INTERVENTION6`, `INSTRUCTIONAL_INTERVENTION7`, `INSTRUCTIONAL_INTERVENTION_OTHER`, `INSTRUCTIONAL_OUTCOMES1`, `INSTRUCTIONAL_OUTCOMES2`, `INSTRUCTIONAL_OUTCOMES3`, `INSTRUCTIONAL_OUTCOMES4`, `INSTRUCTIONAL_OUTCOMES5`, `INSTRUCTIONAL_OUTCOMES6`, `INSTRUCTIONAL_OUTCOMES7`, `INSTRUCTIONAL_OUTCOMES8`, `INSTRUCTIONAL_OUTCOMES9`, `INSTRUCTIONAL_OUTCOMES10`, `INSTRUCTIONAL_OUTCOMES11`, `INSTRUCTIONAL_OUTCOMES12`, `INSTRUCTIONAL_OUTCOMES13`, `INSTRUCTIONAL_OUTCOMES14`, `INSTRUCTIONAL_OUTCOMES15`, `INSTRUCTIONAL_OUTCOMES16`, `INSTRUCTIONAL_OUTCOMES17`, `INSTRUCTIONAL_OUTCOMES18`, `INSTRUCTIONAL_OUTCOMES19`, `INSTRUCTIONAL_OUTCOMES20`, `INSTRUCTIONAL_OUTCOMES21`, `INSTRUCTIONAL_OUTCOMES22`, `INSTRUCTIONAL_OUTCOMES23`, `INSTRUCTIONAL_OUTCOMES24`, `INSTRUCTIONAL_OUTCOMES25`, `INSTRUCTIONAL_OUTCOMES26`, `INSTRUCTIONAL_OUTCOMES27`, `INSTRUCTIONAL_OUTCOMES28`, `INSTRUCTIONAL_OUTCOMES29`, `INSTRUCTIONAL_OUTCOMES_OTHER`, `TUTOR_ID`, `STUDENT_ID`) VALUES
(221, 'General Studies', '2013-02-08', '07:50:05', '12:30:05', '', '', '', '', 0, 0, 0, 1, 0, 1, 0, '0', 0, 0, 1, 1, 0, 0, 0, 1, 1, 1, 1, 1, 0, 1, 0, 0, 0, 0, 0, 0, 1, 1, 1, 0, 0, 0, 0, 1, 1, '1', 2559916, 3180511),
(222, 'Info Technology', '2013-02-23', '07:38:45', '10:35:45', '', '', '', '', 0, 1, 0, 1, 0, 1, 1, '0', 1, 1, 0, 0, 1, 1, 0, 0, 0, 1, 1, 0, 0, 0, 1, 0, 0, 0, 0, 0, 1, 1, 1, 1, 1, 0, 1, 1, 0, '0', 2176191, 3274049),
(223, 'Political Science', '2013-01-02', '07:15:45', '11:26:45', '', '', '', '', 0, 1, 0, 0, 0, 0, 0, '0', 0, 1, 0, 0, 1, 1, 0, 1, 1, 1, 0, 1, 0, 1, 0, 1, 0, 1, 1, 1, 0, 1, 1, 1, 0, 1, 1, 1, 1, '0', 2176191, 3397068),
(224, 'Clinical Biology', '2013-01-13', '07:06:56', '12:11:56', '', '', '', '', 1, 1, 0, 0, 1, 1, 0, '0', 0, 1, 0, 1, 0, 0, 1, 0, 0, 0, 0, 0, 1, 0, 0, 1, 1, 1, 0, 0, 1, 1, 0, 1, 0, 1, 1, 0, 1, '1', 2176191, 3120124),
(225, 'Computer Info Sciences', '2013-01-25', '07:02:34', '11:33:34', '', '', '', '', 0, 0, 0, 1, 1, 0, 0, '1', 1, 1, 1, 1, 1, 0, 1, 1, 0, 1, 0, 1, 1, 1, 1, 0, 0, 0, 0, 0, 1, 1, 0, 0, 1, 0, 0, 1, 1, '1', 2510463, 3495335),
(226, 'Pre-Professional Biology', '2013-01-15', '07:29:40', '12:33:40', '', '', '', '', 1, 0, 0, 0, 0, 1, 1, '1', 1, 0, 0, 1, 1, 0, 1, 0, 1, 1, 0, 0, 0, 0, 0, 0, 0, 1, 0, 1, 1, 1, 1, 1, 0, 1, 1, 1, 0, '0', 2510463, 3880232),
(227, 'Africana Studies', '2013-01-13', '07:34:13', '10:17:13', '', '', '', '', 0, 0, 1, 0, 0, 1, 0, '0', 0, 0, 1, 1, 1, 0, 0, 0, 1, 1, 0, 0, 0, 1, 0, 1, 1, 1, 1, 0, 1, 1, 1, 1, 0, 1, 0, 1, 0, '1', 2601258, 3990160),
(228, 'Criminology', '2013-01-03', '07:45:14', '11:13:14', '', '', '', '', 0, 1, 1, 1, 1, 0, 0, '1', 1, 1, 0, 1, 0, 0, 1, 0, 1, 0, 0, 0, 1, 0, 1, 1, 0, 0, 0, 1, 1, 0, 1, 1, 1, 1, 0, 0, 1, '0', 2936916, 3704106),
(229, 'Liberal Studies', '2013-01-27', '07:48:21', '12:17:21', '', '', '', '', 1, 0, 0, 0, 1, 1, 0, '1', 1, 1, 1, 1, 1, 0, 1, 1, 1, 1, 0, 0, 0, 0, 0, 1, 0, 0, 1, 1, 1, 0, 1, 1, 1, 1, 0, 0, 0, '1', 2654925, 3721044),
(230, 'Liberal Studies', '2013-02-21', '07:43:43', '12:05:43', 'Improve at factoring', 'Great focus', '', 'Complete more practice questions', 1, 1, 0, 0, 1, 1, 1, '1', 0, 0, 1, 0, 0, 0, 1, 1, 0, 0, 1, 1, 0, 0, 0, 0, 1, 1, 0, 0, 1, 0, 0, 0, 1, 0, 1, 1, 0, '0', 2389712, 3396382),
(231, 'Public Relations', '2013-01-09', '07:13:54', '11:39:54', 'Improve integrating functions', '', '', '', 1, 1, 1, 0, 1, 1, 0, '1', 1, 1, 1, 1, 1, 0, 0, 1, 0, 0, 1, 1, 1, 0, 1, 0, 0, 0, 1, 0, 0, 0, 0, 1, 1, 1, 0, 1, 0, '0', 2936916, 3972043),
(232, 'Administration', '2013-02-26', '07:56:30', '11:37:30', 'Explore recursion', '', '', '', 1, 1, 1, 1, 0, 1, 1, '1', 1, 1, 0, 1, 1, 1, 0, 0, 0, 0, 0, 0, 0, 1, 0, 0, 0, 1, 1, 0, 1, 1, 1, 0, 0, 1, 0, 1, 0, '0', 2601258, 3694818),
(233, 'Music', '2013-01-19', '08:27:33', '11:31:33', '', '', '', '', 0, 0, 1, 0, 0, 0, 1, '1', 0, 0, 0, 0, 1, 0, 1, 0, 0, 0, 1, 1, 1, 0, 1, 1, 1, 0, 1, 0, 1, 0, 0, 0, 1, 1, 1, 0, 1, '1', 2510463, 3880232),
(234, 'Africana Studies', '2013-01-13', '08:03:03', '10:57:03', 'Explore GUI creation', '', '', '', 0, 1, 0, 0, 0, 1, 1, '0', 1, 0, 1, 0, 1, 0, 1, 1, 0, 0, 0, 1, 0, 1, 0, 0, 0, 0, 0, 0, 1, 1, 0, 1, 1, 1, 1, 0, 1, '0', 2166987, 3324086),
(235, 'Spanish', '2013-02-05', '07:21:30', '12:49:30', '', '', '', '', 1, 1, 1, 0, 1, 0, 0, '1', 0, 0, 0, 0, 0, 0, 0, 0, 0, 1, 0, 1, 1, 0, 1, 1, 0, 1, 1, 0, 0, 1, 1, 0, 0, 0, 1, 0, 1, '0', 2177377, 3397068),
(236, 'Accounting', '2013-01-04', '07:51:02', '11:19:02', '', '', '', '', 1, 1, 1, 1, 1, 0, 0, '1', 0, 0, 0, 0, 0, 1, 1, 0, 0, 1, 0, 1, 1, 1, 0, 1, 1, 1, 0, 0, 1, 0, 1, 0, 0, 0, 0, 1, 0, '0', 2167643, 3250203),
(237, 'Athletic Training', '2013-01-26', '08:08:55', '12:26:55', '', '', '', '', 0, 0, 1, 1, 1, 1, 1, '0', 0, 0, 1, 1, 0, 0, 0, 1, 0, 0, 1, 0, 0, 1, 0, 0, 1, 0, 1, 1, 1, 0, 0, 1, 1, 1, 0, 1, 1, '1', 2195327, 3600100),
(238, 'Theology', '2013-01-23', '08:08:31', '10:59:31', 'Improve integrating functions', '', '', '', 1, 0, 1, 1, 1, 0, 1, '1', 1, 1, 0, 1, 1, 0, 0, 0, 1, 0, 0, 1, 0, 1, 1, 0, 1, 0, 1, 1, 0, 1, 1, 0, 0, 0, 0, 0, 0, '1', 2601258, 3120124),
(239, 'Pre-Nursing', '2013-02-26', '08:10:50', '12:32:50', 'Explore recursion', '', '', '', 0, 1, 0, 0, 1, 0, 1, '0', 0, 1, 1, 1, 0, 1, 0, 0, 0, 1, 1, 0, 0, 1, 1, 1, 0, 0, 1, 1, 0, 1, 1, 0, 1, 0, 1, 1, 0, '0', 2195327, 3274049),
(240, 'Criminology', '2013-01-17', '07:50:14', '09:13:14', '', '', '', '', 0, 1, 0, 0, 1, 0, 0, '1', 0, 0, 0, 0, 0, 1, 0, 1, 0, 0, 1, 0, 1, 1, 1, 1, 1, 0, 1, 1, 1, 1, 1, 1, 0, 0, 1, 1, 0, '1', 2195327, 3967677),
(241, 'Nursing', '2013-01-09', '07:16:15', '08:30:15', 'Explore GUI creation', '', '', '', 1, 1, 0, 0, 0, 1, 0, '0', 1, 1, 0, 0, 1, 1, 0, 0, 1, 0, 1, 1, 0, 0, 1, 1, 0, 0, 1, 1, 1, 1, 1, 0, 0, 0, 1, 0, 1, '0', 2090370, 3708813),
(242, 'Africana Studies', '2013-02-04', '07:42:30', '10:18:30', '', '', '', '', 0, 0, 0, 0, 1, 0, 0, '1', 0, 0, 0, 0, 0, 0, 1, 0, 1, 1, 0, 0, 1, 0, 1, 1, 1, 0, 0, 0, 0, 1, 1, 0, 0, 0, 1, 1, 0, '0', 2654925, 3231890),
(243, 'Art', '2013-01-25', '07:53:17', '11:29:17', '', '', '', '', 0, 1, 0, 1, 0, 1, 0, '1', 1, 1, 0, 0, 0, 1, 1, 1, 1, 0, 0, 1, 0, 0, 0, 1, 0, 0, 0, 1, 1, 1, 0, 1, 1, 1, 1, 0, 1, '1', 2699864, 3180511),
(244, 'General Studies', '2013-01-05', '08:13:29', '12:57:29', '', '', '', '', 1, 0, 1, 0, 0, 0, 0, '1', 1, 0, 0, 0, 1, 1, 0, 1, 1, 1, 1, 0, 0, 0, 1, 0, 1, 0, 0, 0, 1, 1, 0, 1, 0, 0, 0, 0, 1, '1', 2177377, 3710470),
(245, 'Liberal Studies', '2013-01-07', '07:56:56', '11:37:56', '', '', '', '', 0, 0, 1, 0, 0, 0, 1, '0', 1, 1, 1, 1, 0, 0, 0, 1, 0, 0, 0, 0, 1, 0, 1, 0, 1, 0, 0, 0, 1, 1, 0, 1, 1, 0, 0, 0, 1, '1', 2601258, 3809735),
(246, 'Administration', '2013-02-25', '07:52:46', '12:50:46', '', '', '', '', 1, 0, 1, 1, 0, 0, 0, '0', 1, 0, 0, 1, 1, 1, 0, 0, 0, 1, 1, 0, 0, 1, 0, 1, 0, 1, 1, 1, 1, 1, 1, 0, 1, 0, 0, 1, 0, '0', 2112960, 3880232),
(247, 'Public Admin', '2013-01-08', '07:42:18', '12:51:18', '', '', '', '', 0, 1, 0, 1, 1, 0, 0, '1', 1, 0, 0, 1, 1, 1, 1, 1, 1, 1, 0, 1, 0, 1, 0, 0, 1, 1, 0, 0, 0, 0, 1, 0, 1, 1, 1, 1, 1, '1', 2936916, 3164976),
(248, 'International Business', '2013-02-04', '07:31:39', '10:34:39', '', '', '', '', 1, 1, 1, 1, 0, 1, 1, '1', 1, 0, 1, 1, 1, 1, 0, 0, 0, 0, 1, 1, 0, 0, 0, 1, 0, 1, 0, 0, 1, 1, 1, 1, 1, 1, 0, 1, 0, '0', 2936916, 3390753),
(249, 'English', '2013-02-10', '08:35:34', '10:37:34', '', '', '', '', 0, 1, 0, 1, 0, 0, 0, '1', 1, 0, 1, 0, 0, 0, 0, 1, 0, 0, 1, 1, 0, 1, 1, 0, 0, 0, 1, 1, 1, 1, 0, 1, 0, 0, 1, 0, 0, '0', 2510463, 3192459),
(250, 'Health Serv Admin', '2013-02-23', '07:19:11', '10:06:11', '', '', '', '', 0, 0, 0, 0, 0, 0, 0, '0', 0, 1, 0, 1, 1, 0, 0, 1, 0, 1, 0, 1, 0, 0, 1, 0, 1, 0, 1, 0, 1, 0, 1, 0, 1, 0, 0, 1, 0, '0', 2631706, 3164976),
(251, 'English', '2013-01-03', '07:10:00', '09:52:00', '', '', '', '', 0, 1, 0, 0, 1, 1, 1, '0', 1, 1, 0, 1, 0, 1, 0, 0, 0, 0, 0, 1, 0, 1, 1, 0, 0, 0, 0, 1, 1, 0, 1, 1, 1, 1, 1, 1, 0, '0', 2112960, 3073759),
(252, 'Liberal Studies', '2013-02-17', '07:14:30', '10:58:30', '', '', '', '', 1, 1, 1, 0, 1, 0, 0, '0', 1, 0, 1, 1, 1, 1, 0, 0, 0, 1, 0, 0, 1, 0, 1, 1, 0, 0, 0, 1, 1, 0, 0, 0, 1, 0, 0, 1, 0, '0', 2090370, 3177918),
(253, 'Mathematics', '2013-01-20', '07:45:40', '12:08:40', '', '', '', '', 1, 1, 0, 0, 1, 1, 0, '1', 0, 1, 0, 1, 1, 1, 0, 0, 1, 0, 1, 0, 0, 1, 1, 1, 0, 1, 0, 1, 0, 1, 1, 0, 1, 0, 0, 1, 1, '0', 2936916, 3324086),
(254, 'Pre-Law', '2013-01-03', '08:27:58', '11:09:58', '', '', '', '', 1, 1, 1, 0, 0, 1, 1, '0', 1, 0, 0, 1, 0, 1, 0, 0, 0, 1, 1, 0, 1, 0, 1, 1, 1, 1, 1, 1, 0, 1, 1, 1, 0, 1, 0, 1, 0, '1', 2176191, 3241279),
(255, 'Music Performance', '2013-02-15', '07:15:24', '10:53:24', '', '', '', '', 1, 1, 1, 1, 1, 1, 1, '0', 0, 0, 1, 0, 0, 0, 1, 1, 1, 1, 0, 1, 0, 1, 0, 1, 0, 0, 1, 0, 0, 0, 1, 1, 1, 0, 1, 0, 1, '1', 2176191, 3613632),
(256, 'Pre-Professional Biology', '2013-02-04', '08:19:01', '12:52:01', '', '', '', '', 1, 0, 0, 0, 1, 1, 1, '0', 1, 1, 0, 1, 1, 0, 1, 1, 0, 1, 1, 0, 1, 0, 0, 1, 1, 0, 0, 1, 1, 1, 0, 1, 1, 1, 0, 1, 0, '1', 2177377, 3120124),
(257, 'Exercise Physiology', '2013-01-01', '08:26:41', '11:31:41', '', '', '', '', 1, 1, 0, 1, 0, 1, 1, '0', 0, 0, 1, 1, 0, 1, 0, 0, 0, 0, 0, 0, 1, 1, 1, 0, 0, 0, 1, 0, 0, 0, 0, 0, 0, 1, 1, 1, 1, '0', 2389712, 3312739),
(258, 'Theology', '2013-01-17', '07:07:56', '12:05:56', '', '', '', '', 1, 1, 1, 0, 1, 0, 0, '1', 1, 0, 0, 1, 0, 1, 0, 1, 1, 1, 0, 1, 1, 1, 1, 0, 1, 0, 1, 0, 1, 0, 1, 0, 0, 0, 1, 1, 1, '0', 2166987, 3306880),
(259, 'Criminology', '2013-02-18', '07:18:25', '11:08:25', 'Improve at factoring', 'Great focus', '', 'Complete more practice questions', 1, 1, 1, 0, 1, 1, 0, '1', 0, 1, 1, 0, 0, 0, 1, 1, 0, 1, 1, 0, 1, 0, 0, 1, 1, 0, 1, 0, 0, 1, 0, 0, 1, 0, 1, 1, 1, '1', 2559916, 3294826),
(260, 'Info Technology', '2013-01-03', '07:23:25', '10:40:25', 'Improve integrating functions', '', '', '', 1, 1, 1, 1, 0, 0, 0, '0', 0, 0, 1, 1, 1, 0, 1, 0, 0, 1, 1, 0, 0, 0, 0, 1, 1, 1, 0, 1, 1, 1, 1, 1, 1, 0, 1, 1, 1, '1', 2176191, 3022524),
(261, 'Applied Sport & Exercise Scien', '2013-02-12', '08:04:47', '11:34:47', 'Explore recursion', '', '', '', 0, 0, 0, 1, 0, 1, 0, '0', 0, 1, 1, 0, 0, 0, 1, 0, 1, 1, 1, 1, 0, 1, 1, 0, 1, 0, 1, 0, 0, 0, 0, 1, 1, 1, 1, 0, 0, '0', 2195327, 3988299),
(262, 'Sport, Exerc & Perf Psy', '2013-01-25', '08:44:12', '10:03:12', '', '', '', '', 0, 1, 1, 0, 1, 1, 0, '1', 1, 1, 1, 1, 0, 1, 0, 0, 1, 1, 0, 1, 0, 1, 0, 0, 1, 1, 0, 1, 1, 0, 1, 0, 0, 0, 1, 0, 1, '0', 2176191, 3090275),
(263, 'Histotechnology', '2013-02-02', '08:29:44', '13:16:44', 'Explore GUI creation', '', '', '', 1, 0, 1, 0, 0, 1, 1, '0', 0, 0, 1, 0, 1, 0, 0, 1, 1, 1, 0, 0, 0, 1, 0, 1, 0, 1, 0, 0, 1, 1, 0, 0, 1, 1, 1, 1, 1, '0', 2167643, 3930369),
(264, 'Histotechnology', '2013-02-04', '07:01:47', '10:51:47', '', '', '', '', 0, 1, 1, 1, 0, 0, 0, '0', 1, 0, 0, 1, 1, 0, 1, 0, 1, 0, 0, 0, 0, 0, 1, 0, 1, 0, 1, 1, 1, 0, 1, 0, 1, 0, 1, 1, 1, '0', 2389712, 3970182),
(265, 'Liberal Studies', '2013-01-28', '07:14:23', '12:52:23', '', '', '', '', 0, 1, 1, 1, 0, 0, 1, '1', 1, 0, 1, 1, 1, 0, 0, 1, 1, 0, 0, 1, 0, 1, 0, 0, 1, 1, 0, 0, 0, 1, 0, 1, 0, 0, 0, 1, 0, '1', 2631706, 3704106),
(266, 'Mathematics', '2013-01-13', '07:44:20', '10:28:20', '', '', '', '', 0, 0, 1, 0, 0, 1, 0, '1', 0, 1, 1, 1, 1, 0, 0, 1, 1, 0, 1, 0, 1, 0, 0, 0, 1, 0, 1, 1, 0, 0, 0, 0, 1, 0, 0, 0, 1, '1', 2601258, 3988299),
(267, 'Social Work', '2013-02-09', '08:11:56', '11:51:56', '', '', '', '', 1, 1, 0, 1, 1, 1, 0, '0', 0, 1, 1, 0, 1, 0, 1, 0, 0, 0, 1, 0, 0, 1, 0, 0, 0, 1, 0, 1, 1, 0, 1, 1, 0, 1, 0, 0, 1, '0', 2510463, 3180511),
(268, 'Accounting', '2013-01-29', '07:27:53', '11:58:53', '', '', '', '', 0, 1, 0, 0, 0, 0, 0, '0', 0, 1, 1, 0, 0, 0, 0, 0, 1, 1, 1, 0, 0, 0, 0, 0, 0, 0, 1, 0, 0, 0, 1, 0, 0, 1, 1, 1, 1, '1', 2936916, 3990160),
(269, 'International Business', '2013-02-15', '07:03:13', '11:14:13', '', '', '', '', 0, 0, 0, 1, 0, 0, 1, '0', 1, 0, 0, 1, 0, 0, 0, 0, 0, 1, 1, 0, 1, 1, 1, 0, 1, 1, 1, 1, 0, 0, 1, 1, 0, 0, 0, 0, 0, '1', 2559916, 3324086),
(270, 'Public Relations', '2013-02-02', '08:03:42', '10:38:42', '', '', '', '', 0, 0, 1, 0, 1, 0, 1, '0', 0, 1, 1, 0, 1, 1, 1, 1, 1, 0, 0, 1, 1, 0, 1, 1, 0, 0, 1, 1, 1, 0, 0, 0, 1, 0, 1, 0, 1, '0', 2389712, 3577083),
(271, 'English', '2013-02-26', '07:10:35', '09:39:35', '', '', '', '', 1, 1, 0, 1, 1, 0, 1, '1', 1, 1, 0, 1, 0, 1, 1, 1, 1, 1, 1, 0, 0, 0, 1, 0, 1, 0, 1, 0, 1, 0, 0, 1, 1, 1, 0, 0, 0, '0', 2699864, 3180511),
(272, 'Accounting', '2013-01-13', '08:16:27', '13:27:27', '', '', '', '', 1, 1, 1, 0, 0, 1, 1, '1', 0, 0, 0, 0, 1, 1, 0, 0, 0, 0, 0, 0, 0, 1, 1, 1, 1, 1, 1, 1, 0, 0, 0, 1, 1, 1, 0, 0, 0, '1', 2112960, 3390753),
(273, 'Music Performance', '2013-01-09', '07:35:01', '12:09:01', '', '', '', '', 0, 0, 0, 0, 1, 0, 0, '1', 0, 0, 1, 0, 1, 1, 0, 0, 1, 1, 1, 1, 0, 1, 1, 1, 1, 0, 0, 0, 0, 1, 1, 1, 1, 0, 0, 1, 0, '0', 2167643, 3805737),
(274, 'Computer Science', '2013-01-30', '08:02:43', '10:08:43', '', '', '', '', 1, 0, 1, 1, 1, 1, 0, '1', 0, 1, 1, 1, 0, 1, 0, 1, 0, 0, 0, 1, 0, 1, 1, 1, 0, 0, 1, 0, 1, 0, 0, 1, 1, 0, 0, 1, 0, '0', 2654925, 3396382),
(275, 'Public Relations', '2013-02-23', '07:01:12', '10:18:12', '', '', '', '', 1, 0, 0, 0, 1, 1, 1, '1', 0, 1, 0, 0, 0, 0, 1, 1, 1, 1, 1, 1, 0, 0, 0, 0, 1, 1, 0, 1, 1, 0, 0, 0, 1, 0, 1, 0, 0, '1', 2563070, 3274049),
(276, 'Marine Biology', '2013-01-09', '07:49:36', '12:16:36', 'Improve at factoring', 'Great focus', '', 'Complete more practice questions', 1, 0, 1, 0, 0, 1, 1, '0', 0, 0, 0, 0, 1, 1, 1, 1, 0, 1, 0, 1, 1, 1, 0, 1, 1, 0, 0, 1, 0, 0, 1, 1, 1, 0, 1, 0, 0, '1', 2559916, 3306880),
(277, 'Africana Studies', '2013-01-04', '08:26:04', '13:50:04', 'Improve integrating functions', '', '', '', 0, 0, 1, 0, 1, 1, 1, '1', 1, 0, 1, 1, 0, 0, 1, 1, 1, 0, 1, 0, 0, 1, 0, 0, 0, 1, 1, 0, 1, 0, 0, 1, 1, 1, 1, 0, 1, '0', 2631706, 3455421),
(278, 'Broadcast and Emerging Media', '2013-01-22', '07:17:33', '08:32:33', 'Explore recursion', '', '', '', 0, 1, 0, 1, 1, 0, 1, '0', 1, 0, 1, 0, 1, 1, 0, 1, 1, 1, 0, 0, 1, 1, 0, 0, 0, 1, 0, 0, 0, 1, 1, 0, 0, 1, 0, 0, 1, '1', 2177377, 3710470),
(279, 'Advertising', '2013-01-31', '07:12:58', '11:17:58', '', '', '', '', 1, 0, 0, 1, 0, 1, 0, '0', 1, 1, 0, 0, 0, 0, 1, 1, 0, 0, 0, 0, 0, 0, 1, 1, 0, 0, 0, 0, 0, 1, 1, 0, 1, 0, 0, 0, 0, '1', 2189703, 3128791),
(280, 'Administration', '2013-02-09', '07:15:36', '12:11:36', 'Explore GUI creation', '', '', '', 1, 1, 0, 0, 0, 1, 1, '1', 1, 0, 1, 0, 1, 0, 1, 1, 0, 0, 0, 0, 0, 1, 0, 1, 1, 0, 1, 0, 0, 0, 1, 1, 1, 0, 1, 0, 1, '0', 2510463, 3933429),
(281, 'Sociology', '2013-01-13', '08:34:35', '12:51:35', '', '', '', '', 1, 1, 0, 1, 0, 0, 1, '1', 1, 0, 1, 0, 0, 0, 0, 0, 0, 1, 1, 1, 0, 0, 1, 1, 1, 0, 1, 0, 1, 0, 1, 0, 0, 0, 0, 1, 1, '0', 2177377, 3118103),
(282, 'Theology', '2013-01-10', '07:31:49', '10:03:49', '', '', '', '', 0, 0, 1, 1, 0, 1, 1, '0', 0, 1, 0, 0, 0, 0, 0, 0, 0, 1, 0, 1, 0, 0, 0, 0, 0, 0, 1, 0, 0, 0, 1, 1, 0, 1, 1, 0, 0, '0', 2654925, 3990160),
(283, 'Broadcast and Emerging Media', '2013-01-03', '07:47:43', '10:02:43', '', '', '', '', 0, 0, 1, 1, 1, 1, 1, '1', 1, 0, 0, 0, 1, 1, 0, 1, 0, 0, 0, 0, 1, 0, 0, 0, 0, 0, 0, 0, 1, 0, 0, 0, 0, 1, 1, 1, 0, '0', 2559916, 3710607),
(284, 'General Studies', '2013-01-22', '07:58:04', '10:13:04', '', '', '', '', 0, 1, 0, 1, 0, 0, 0, '1', 1, 1, 1, 0, 1, 0, 0, 1, 0, 0, 1, 0, 1, 1, 0, 0, 1, 1, 0, 0, 1, 0, 1, 1, 1, 1, 1, 0, 1, '0', 2692833, 3495335),
(285, 'Philosophy', '2013-02-01', '08:40:45', '14:37:45', '', '', '', '', 1, 0, 1, 1, 0, 0, 0, '0', 1, 1, 0, 0, 0, 1, 1, 1, 0, 1, 1, 0, 1, 0, 0, 0, 1, 0, 1, 0, 0, 1, 0, 1, 0, 0, 0, 1, 1, '1', 2631706, 3970182),
(286, 'Sociology', '2013-02-16', '08:26:07', '12:55:07', '', '', '', '', 1, 0, 0, 1, 0, 0, 1, '0', 1, 0, 0, 0, 1, 1, 0, 1, 1, 1, 1, 1, 1, 1, 0, 1, 1, 1, 1, 0, 0, 1, 0, 0, 1, 1, 0, 0, 1, '0', 2601258, 3719280),
(287, 'Pre-Nursing', '2013-02-25', '07:33:25', '08:46:25', '', '', '', '', 0, 0, 1, 1, 1, 1, 0, '1', 1, 0, 1, 0, 1, 0, 0, 0, 1, 1, 0, 0, 0, 1, 0, 1, 0, 0, 1, 1, 0, 0, 1, 0, 0, 0, 0, 0, 1, '1', 2167643, 3749547),
(288, 'Political Science', '2013-01-23', '07:38:02', '12:24:02', '', '', '', '', 0, 1, 0, 1, 0, 1, 1, '1', 0, 0, 1, 0, 1, 1, 1, 1, 1, 1, 0, 1, 1, 0, 0, 1, 0, 0, 1, 0, 0, 1, 1, 0, 1, 0, 0, 1, 0, '0', 2559916, 3468602),
(289, 'Art', '2013-01-04', '08:27:41', '11:08:41', '', '', '', '', 0, 0, 0, 1, 0, 0, 0, '1', 1, 1, 0, 0, 1, 0, 0, 0, 1, 1, 0, 1, 0, 0, 0, 1, 0, 0, 0, 0, 0, 0, 1, 1, 0, 0, 1, 0, 1, '1', 2936916, 3809735),
(290, 'Pre-Nursing', '2013-01-31', '07:54:37', '13:00:37', '', '', '', '', 1, 0, 0, 0, 1, 0, 0, '1', 0, 0, 0, 0, 1, 1, 1, 1, 1, 1, 1, 0, 1, 1, 1, 1, 1, 1, 0, 0, 1, 1, 1, 1, 1, 1, 1, 0, 1, '1', 2559916, 3397068),
(291, 'Info Technology', '2013-02-05', '07:06:47', '08:08:47', '', '', '', '', 0, 1, 0, 1, 1, 0, 1, '1', 1, 0, 0, 1, 0, 1, 1, 0, 1, 0, 0, 1, 0, 0, 1, 0, 1, 0, 0, 0, 0, 0, 1, 0, 1, 0, 0, 1, 0, '0', 2090370, 3980688),
(292, 'International Business', '2013-01-25', '07:52:24', '11:13:24', '', '', '', '', 0, 1, 1, 1, 1, 1, 0, '0', 0, 0, 0, 1, 1, 0, 1, 1, 0, 1, 1, 0, 0, 1, 1, 0, 1, 1, 1, 0, 1, 0, 1, 1, 0, 0, 1, 0, 0, '0', 2144316, 3231890),
(293, 'Accounting', '2013-02-19', '08:15:41', '10:48:41', '', '', '', '', 1, 1, 0, 1, 1, 1, 0, '0', 1, 0, 1, 0, 0, 1, 0, 1, 1, 0, 0, 0, 1, 1, 0, 1, 0, 0, 0, 1, 0, 1, 1, 0, 1, 1, 0, 0, 0, '1', 2166987, 3455421),
(294, 'Athletic Training', '2013-02-13', '08:30:07', '10:38:07', '', '', '', '', 1, 1, 0, 1, 0, 0, 1, '1', 1, 1, 1, 0, 1, 0, 0, 1, 0, 0, 1, 1, 1, 0, 1, 1, 0, 1, 1, 0, 1, 0, 0, 0, 1, 0, 0, 1, 0, '1', 2654925, 3118103),
(295, 'Music', '2013-02-10', '07:16:41', '10:29:41', '', '', '', '', 0, 0, 0, 0, 0, 1, 0, '0', 0, 0, 0, 1, 0, 1, 1, 1, 1, 1, 1, 1, 1, 1, 0, 1, 0, 0, 0, 0, 0, 1, 1, 1, 1, 0, 0, 0, 0, '1', 2649534, 3120124),
(296, 'CV Perfusion Program', '2013-01-01', '07:09:38', '13:05:38', '', '', '', '', 0, 0, 1, 1, 1, 1, 1, '0', 0, 1, 0, 1, 1, 0, 1, 1, 1, 0, 0, 0, 0, 1, 0, 0, 0, 1, 0, 1, 1, 1, 0, 0, 0, 0, 0, 0, 0, '1', 2692833, 3250203),
(297, 'Women Studies', '2013-01-29', '07:22:07', '12:51:07', 'Improve at factoring', 'Great focus', '', 'Complete more practice questions', 0, 1, 0, 0, 1, 1, 1, '1', 0, 1, 0, 0, 1, 0, 0, 0, 0, 1, 1, 1, 1, 0, 1, 0, 1, 1, 1, 0, 0, 1, 1, 1, 0, 1, 0, 0, 1, '1', 2936916, 3430548),
(298, 'Info Technology', '2013-01-02', '08:11:14', '10:00:14', 'Improve integrating functions', '', '', '', 0, 0, 0, 1, 0, 1, 0, '0', 1, 0, 1, 0, 0, 1, 0, 0, 0, 0, 1, 0, 0, 1, 1, 0, 1, 0, 1, 0, 1, 0, 0, 1, 1, 1, 1, 0, 0, '1', 2177377, 3306880),
(299, 'Pre-Engineering', '2013-02-04', '08:12:25', '13:42:25', 'Explore recursion', '', '', '', 0, 0, 1, 1, 1, 0, 1, '1', 1, 0, 1, 0, 0, 1, 1, 0, 1, 1, 0, 0, 1, 1, 0, 1, 1, 1, 0, 1, 0, 1, 0, 1, 0, 1, 0, 1, 0, '0', 2563070, 3164976),
(300, 'Foreign Exchange Stu', '2013-02-23', '07:14:18', '13:05:18', '', '', '', '', 1, 1, 0, 0, 1, 1, 0, '0', 1, 0, 1, 0, 0, 0, 0, 0, 0, 1, 0, 1, 1, 0, 0, 0, 1, 1, 0, 0, 0, 1, 0, 0, 1, 0, 0, 1, 1, '0', 2631706, 3731395),
(301, 'Applied Sport & Exercise Scien', '2013-01-12', '07:38:20', '10:46:20', 'Explore GUI creation', '', '', '', 1, 1, 0, 0, 0, 0, 1, '1', 0, 1, 1, 1, 1, 1, 1, 0, 1, 0, 0, 1, 1, 1, 1, 0, 1, 1, 0, 1, 1, 1, 1, 0, 0, 1, 1, 1, 0, '1', 2176191, 3468602),
(302, 'Chemistry', '2013-02-15', '08:21:23', '10:36:23', '', '', '', '', 1, 0, 1, 0, 1, 0, 1, '0', 1, 0, 0, 0, 1, 1, 1, 0, 1, 1, 0, 1, 0, 0, 1, 0, 1, 1, 1, 0, 1, 0, 1, 1, 0, 1, 1, 0, 1, '1', 2195327, 3102859),
(303, 'Theatre', '2013-01-22', '07:42:25', '09:37:25', '', '', '', '', 0, 1, 0, 0, 0, 1, 1, '0', 1, 0, 0, 1, 0, 0, 1, 0, 0, 1, 1, 0, 1, 1, 0, 1, 1, 1, 1, 1, 0, 1, 1, 0, 1, 0, 0, 1, 0, '0', 2112960, 3117829),
(304, 'Legal Post Bac Cert', '2013-02-08', '07:48:14', '13:05:14', '', '', '', '', 0, 0, 0, 1, 1, 0, 0, '0', 0, 0, 1, 0, 1, 1, 1, 1, 1, 0, 1, 0, 1, 0, 1, 1, 1, 0, 1, 0, 0, 1, 0, 1, 0, 1, 1, 1, 1, '1', 2176191, 3516423),
(305, 'Liberal Studies', '2013-02-14', '07:46:21', '10:53:21', '', '', '', '', 0, 1, 1, 1, 1, 0, 1, '1', 0, 0, 0, 0, 0, 1, 1, 1, 0, 1, 1, 1, 0, 0, 1, 1, 0, 1, 1, 0, 0, 0, 0, 1, 1, 0, 0, 0, 1, '0', 2177377, 3277769),
(306, 'Nursing', '2013-01-05', '08:07:05', '11:01:05', '', '', '', '', 0, 1, 0, 1, 1, 0, 1, '0', 1, 0, 0, 0, 1, 0, 0, 0, 1, 1, 0, 1, 1, 1, 0, 0, 0, 1, 0, 1, 1, 0, 0, 1, 0, 0, 1, 0, 0, '1', 2166987, 3073759),
(307, 'Sport, Exerc & Perf Psy', '2013-02-15', '07:07:44', '12:48:44', '', '', '', '', 1, 1, 1, 0, 1, 0, 0, '1', 1, 1, 1, 0, 1, 1, 0, 1, 1, 1, 0, 1, 1, 0, 0, 1, 1, 0, 1, 0, 1, 0, 0, 1, 1, 0, 1, 0, 1, '0', 2563070, 3744574),
(308, 'Photography', '2013-01-15', '08:34:41', '14:30:41', '', '', '', '', 1, 1, 1, 1, 0, 0, 1, '1', 1, 1, 0, 0, 0, 1, 1, 1, 1, 0, 1, 1, 0, 0, 0, 0, 0, 0, 0, 0, 0, 1, 0, 1, 0, 0, 0, 1, 1, '0', 2112960, 3312739),
(309, 'Art', '2013-02-21', '08:26:20', '11:02:20', '', '', '', '', 1, 0, 0, 1, 1, 1, 0, '1', 0, 1, 1, 0, 1, 1, 0, 1, 0, 1, 1, 1, 1, 1, 1, 0, 0, 1, 0, 1, 1, 0, 0, 0, 0, 1, 0, 0, 1, '0', 2112960, 3749547),
(310, 'Finance', '2013-02-13', '08:26:20', '11:08:20', '', '', '', '', 0, 1, 1, 1, 0, 0, 0, '1', 0, 1, 0, 1, 1, 1, 1, 0, 0, 0, 1, 1, 0, 0, 0, 1, 0, 0, 1, 0, 0, 0, 0, 1, 0, 1, 1, 1, 0, '1', 2144316, 3516423),
(311, 'Photography', '2013-02-10', '07:35:44', '10:29:44', '', '', '', '', 1, 0, 1, 0, 1, 1, 1, '1', 0, 1, 1, 1, 1, 0, 0, 0, 0, 0, 1, 1, 0, 0, 0, 1, 0, 1, 1, 0, 1, 1, 0, 0, 1, 1, 0, 0, 0, '1', 2167643, 3705831),
(312, 'International Business', '2013-01-15', '07:19:26', '09:24:26', '', '', '', '', 0, 0, 1, 1, 1, 1, 1, '0', 0, 0, 1, 0, 0, 0, 1, 0, 1, 1, 1, 0, 1, 1, 0, 1, 0, 0, 1, 1, 0, 1, 1, 1, 1, 0, 0, 0, 1, '1', 2189703, 3705831),
(313, 'Undecided/Undeclared', '2013-01-17', '08:19:07', '13:39:07', '', '', '', '', 1, 1, 1, 0, 1, 1, 0, '0', 0, 0, 1, 0, 0, 1, 0, 1, 1, 1, 0, 0, 0, 1, 0, 1, 0, 0, 0, 0, 0, 1, 0, 1, 0, 0, 0, 0, 1, '1', 2559916, 3930369),
(314, 'Applied Sport & Exercise Scien', '2013-01-15', '07:27:54', '11:15:54', '', '', '', '', 0, 0, 1, 1, 1, 1, 0, '0', 1, 1, 1, 0, 1, 0, 1, 1, 0, 0, 0, 1, 0, 0, 1, 1, 1, 1, 0, 0, 0, 0, 0, 0, 0, 1, 0, 0, 0, '1', 2176191, 3125631),
(315, 'International Business', '2013-01-08', '07:07:03', '12:08:03', '', '', '', '', 0, 0, 1, 0, 1, 1, 1, '1', 0, 0, 1, 1, 0, 0, 0, 1, 0, 0, 1, 0, 0, 0, 1, 0, 1, 0, 1, 1, 0, 1, 0, 1, 0, 0, 0, 0, 0, '1', 2166987, 3495335),
(316, 'Emergency Management', '2013-01-08', '07:25:33', '09:34:33', 'Improve at factoring', 'Great focus', '', 'Complete more practice questions', 1, 0, 0, 0, 1, 1, 0, '0', 1, 1, 1, 0, 1, 0, 0, 1, 1, 1, 1, 0, 1, 1, 0, 0, 0, 0, 0, 0, 0, 1, 0, 1, 0, 0, 1, 1, 0, '1', 2389712, 3294826),
(317, 'Social Work', '2013-02-28', '08:27:26', '09:59:26', 'Improve integrating functions', '', '', '', 1, 1, 0, 0, 0, 0, 1, '1', 0, 1, 1, 1, 1, 0, 1, 0, 1, 1, 0, 0, 0, 1, 1, 0, 0, 0, 0, 0, 0, 0, 1, 1, 1, 0, 0, 0, 1, '1', 2654925, 3893456),
(318, 'Chemistry', '2013-01-26', '07:58:48', '12:42:48', 'Explore recursion', '', '', '', 0, 1, 0, 1, 1, 1, 1, '0', 1, 1, 0, 1, 1, 1, 1, 0, 0, 1, 1, 1, 0, 1, 1, 0, 1, 1, 0, 1, 0, 1, 0, 1, 1, 1, 0, 0, 1, '0', 2112960, 3990160),
(319, 'Health Serv Admin', '2013-02-09', '07:08:46', '09:10:46', '', '', '', '', 1, 1, 0, 1, 1, 0, 1, '0', 1, 1, 1, 0, 0, 0, 1, 1, 0, 0, 0, 1, 1, 0, 1, 0, 0, 0, 0, 1, 0, 1, 1, 0, 1, 1, 0, 1, 0, '1', 2631706, 3988299),
(320, 'Public Relations', '2013-01-29', '07:36:36', '11:34:36', 'Explore GUI creation', '', '', '', 1, 1, 1, 1, 1, 0, 0, '1', 0, 0, 1, 1, 1, 1, 0, 0, 0, 1, 0, 1, 0, 0, 0, 0, 0, 0, 1, 0, 0, 0, 1, 0, 0, 0, 0, 0, 0, '1', 2176191, 3090275),
(321, 'Sport Management', '2013-01-09', '08:26:16', '13:18:16', '', '', '', '', 1, 1, 1, 0, 0, 1, 0, '0', 0, 0, 0, 1, 0, 1, 1, 1, 1, 1, 0, 1, 0, 1, 0, 0, 0, 0, 1, 0, 1, 1, 0, 0, 0, 0, 1, 1, 1, '0', 2167643, 3921337),
(322, 'Histotechnology', '2013-03-01', '08:07:50', '10:52:50', '', '', '', '', 1, 1, 0, 0, 1, 1, 0, '1', 0, 0, 1, 0, 1, 0, 1, 0, 1, 0, 0, 1, 0, 1, 0, 0, 1, 0, 0, 1, 0, 0, 1, 0, 1, 1, 1, 0, 0, '1', 2563070, 3731395),
(323, 'Undecided/Undeclared', '2013-01-23', '07:15:57', '09:02:57', '', '', '', '', 0, 0, 0, 0, 0, 1, 1, '0', 1, 0, 0, 1, 1, 1, 1, 0, 0, 1, 0, 1, 0, 0, 1, 1, 1, 0, 1, 0, 0, 0, 1, 0, 1, 1, 1, 0, 0, '0', 2936916, 3022524),
(324, 'Chemistry', '2013-02-19', '07:56:58', '13:15:58', '', '', '', '', 1, 0, 0, 1, 1, 1, 0, '1', 0, 1, 0, 1, 0, 0, 0, 0, 1, 0, 1, 0, 0, 0, 0, 0, 0, 0, 1, 0, 1, 0, 1, 1, 0, 1, 0, 0, 1, '0', 2559916, 3930369),
(325, 'Music', '2013-01-17', '07:31:35', '08:32:35', '', '', '', '', 1, 0, 0, 0, 1, 1, 1, '0', 1, 1, 1, 1, 0, 1, 0, 0, 1, 1, 1, 0, 1, 0, 0, 0, 0, 0, 1, 1, 1, 0, 0, 1, 1, 0, 0, 0, 1, '1', 2090370, 3306880),
(326, 'Music Performance', '2013-02-02', '08:03:51', '09:41:51', '', '', '', '', 0, 1, 0, 0, 0, 1, 1, '0', 1, 0, 0, 0, 0, 0, 0, 0, 0, 0, 0, 0, 0, 0, 0, 0, 1, 0, 1, 1, 0, 0, 0, 1, 0, 1, 1, 0, 0, '1', 2699864, 3120124),
(327, 'Administration', '2013-01-15', '08:29:08', '10:47:08', '', '', '', '', 1, 1, 0, 0, 0, 1, 0, '1', 0, 1, 0, 0, 1, 1, 1, 0, 0, 0, 1, 1, 1, 0, 0, 0, 1, 1, 1, 0, 0, 1, 0, 1, 0, 0, 1, 1, 1, '0', 2167643, 3381681),
(328, 'Photography', '2013-01-30', '07:52:39', '13:09:39', '', '', '', '', 1, 1, 1, 0, 0, 0, 1, '0', 0, 1, 0, 1, 0, 1, 0, 0, 0, 0, 0, 1, 0, 1, 0, 0, 0, 1, 1, 0, 0, 0, 0, 0, 1, 0, 1, 0, 1, '1', 2510463, 3807847),
(329, 'Broadcast and Emerging Media', '2013-02-14', '07:02:39', '12:04:39', '', '', '', '', 1, 1, 1, 0, 0, 0, 1, '1', 0, 0, 1, 1, 0, 1, 1, 1, 0, 1, 0, 1, 1, 0, 0, 0, 0, 1, 0, 1, 0, 1, 0, 0, 0, 1, 0, 1, 1, '1', 2631706, 3731395),
(330, 'Public Admin', '2013-02-20', '08:17:03', '10:20:03', '', '', '', '', 1, 1, 1, 0, 0, 1, 1, '1', 1, 0, 1, 1, 0, 1, 0, 0, 0, 1, 0, 1, 1, 1, 0, 0, 0, 0, 1, 1, 1, 0, 0, 0, 0, 1, 1, 1, 1, '1', 2654925, 3744574),
(331, 'Philosophy', '2013-01-21', '07:40:30', '08:49:30', '', '', '', '', 1, 0, 1, 1, 0, 1, 1, '0', 1, 0, 0, 0, 1, 1, 0, 0, 1, 1, 1, 0, 1, 1, 0, 1, 1, 0, 1, 1, 1, 1, 1, 0, 0, 0, 1, 0, 1, '0', 2654925, 3807847),
(332, 'Advertising', '2013-01-08', '07:46:16', '10:33:16', 'Improve at factoring', 'Great focus', '', 'Complete more practice questions', 1, 1, 0, 1, 1, 0, 1, '1', 0, 0, 0, 1, 1, 1, 1, 1, 0, 1, 1, 0, 0, 0, 1, 1, 1, 0, 1, 0, 1, 0, 1, 0, 0, 0, 1, 1, 0, '0', 2166987, 3455421),
(333, 'Sport Management', '2013-02-17', '07:04:47', '08:29:47', 'Improve integrating functions', '', '', '', 0, 0, 1, 1, 1, 0, 1, '0', 0, 1, 1, 0, 0, 1, 0, 0, 0, 1, 0, 0, 1, 0, 1, 1, 1, 0, 1, 0, 0, 0, 1, 1, 1, 0, 1, 1, 1, '1', 2559916, 3703383),
(334, 'Marine Biology', '2013-02-18', '08:08:04', '13:35:04', 'Explore recursion', '', '', '', 1, 1, 0, 1, 0, 1, 0, '1', 1, 1, 0, 0, 0, 0, 0, 1, 0, 0, 0, 1, 0, 0, 0, 1, 1, 0, 0, 0, 1, 1, 0, 0, 1, 1, 1, 0, 1, '0', 2167643, 3164976),
(335, 'Administration', '2013-02-01', '08:26:33', '14:11:33', '', '', '', '', 1, 0, 0, 1, 1, 1, 0, '0', 0, 1, 0, 0, 1, 0, 1, 0, 1, 1, 1, 0, 1, 1, 1, 0, 0, 1, 1, 0, 1, 0, 0, 1, 0, 0, 0, 1, 1, '0', 2692833, 3397068),
(336, 'Music', '2013-02-10', '08:30:50', '09:54:50', 'Explore GUI creation', '', '', '', 0, 0, 0, 0, 1, 1, 1, '1', 1, 0, 0, 1, 1, 1, 0, 1, 0, 0, 0, 0, 1, 0, 1, 0, 1, 0, 1, 1, 1, 0, 1, 0, 1, 0, 0, 0, 0, '1', 2389712, 3073759),
(337, 'Sport, Exerc & Perf Psy', '2013-01-24', '07:43:31', '11:10:31', '', '', '', '', 1, 1, 1, 0, 0, 0, 1, '0', 1, 0, 1, 1, 0, 1, 1, 1, 0, 1, 1, 1, 0, 1, 0, 0, 1, 1, 0, 1, 1, 1, 0, 0, 1, 1, 1, 1, 0, '0', 2510463, 3416592),
(338, 'Health Serv Admin', '2013-01-13', '07:01:43', '09:02:43', '', '', '', '', 0, 1, 0, 0, 0, 1, 1, '0', 1, 1, 1, 0, 0, 1, 0, 0, 0, 0, 0, 0, 1, 0, 1, 0, 1, 1, 0, 0, 0, 0, 1, 0, 1, 0, 0, 1, 1, '0', 2699864, 3102859),
(339, 'Psychology', '2013-02-11', '08:31:00', '09:35:00', '', '', '', '', 0, 1, 1, 1, 1, 0, 0, '0', 1, 0, 1, 1, 1, 0, 0, 0, 0, 1, 0, 0, 0, 1, 1, 1, 0, 0, 0, 1, 1, 0, 0, 1, 0, 1, 1, 1, 1, '0', 2699864, 3990160),
(340, 'Music Performance', '2013-01-18', '08:05:17', '12:21:17', '', '', '', '', 0, 0, 1, 1, 1, 1, 1, '1', 1, 0, 1, 1, 1, 0, 0, 0, 0, 1, 0, 1, 0, 0, 1, 0, 0, 1, 1, 1, 0, 1, 0, 0, 1, 0, 1, 0, 1, '0', 2166987, 3749547),
(341, 'Histotechnology', '2013-01-14', '08:05:47', '13:35:47', '', '', '', '', 0, 1, 1, 1, 0, 1, 1, '1', 0, 0, 0, 0, 1, 0, 0, 0, 0, 1, 1, 0, 1, 1, 1, 0, 1, 0, 1, 1, 0, 1, 0, 1, 1, 1, 0, 1, 1, '0', 2631706, 3980688),
(342, 'Nursing', '2013-02-23', '07:51:41', '13:24:41', '', '', '', '', 1, 0, 1, 0, 0, 0, 1, '0', 0, 0, 0, 1, 0, 1, 1, 0, 1, 0, 1, 1, 0, 1, 1, 0, 0, 1, 1, 0, 1, 1, 0, 1, 1, 0, 1, 0, 1, '0', 2144316, 3022524),
(343, 'Pre-Law', '2013-02-17', '07:59:32', '10:28:32', '', '', '', '', 1, 0, 1, 0, 1, 0, 0, '0', 1, 1, 0, 0, 1, 1, 1, 0, 0, 1, 0, 0, 0, 1, 1, 0, 1, 1, 0, 1, 1, 0, 0, 1, 0, 1, 1, 0, 0, '0', 2189703, 3324086),
(344, 'Education', '2013-01-19', '07:32:12', '11:10:12', '', '', '', '', 0, 0, 0, 0, 0, 0, 1, '1', 0, 1, 0, 0, 0, 1, 1, 0, 1, 1, 0, 0, 1, 1, 0, 0, 1, 0, 0, 0, 0, 0, 1, 1, 0, 0, 1, 1, 1, '1', 2144316, 3468602),
(345, 'Criminology', '2013-02-12', '07:28:58', '10:40:58', '', '', '', '', 0, 1, 1, 0, 0, 1, 0, '1', 1, 1, 0, 1, 0, 1, 0, 1, 1, 1, 1, 1, 0, 1, 0, 0, 0, 0, 1, 0, 1, 0, 1, 1, 0, 1, 0, 0, 1, '0', 2692833, 3416592),
(346, 'Social Work', '2013-02-06', '08:05:46', '10:47:46', '', '', '', '', 0, 1, 0, 0, 1, 1, 1, '1', 0, 1, 0, 1, 0, 0, 1, 0, 1, 0, 0, 1, 0, 1, 1, 1, 0, 1, 0, 1, 1, 0, 0, 1, 1, 0, 0, 0, 1, '0', 2559916, 3577083),
(347, 'Emergency Management', '2013-01-23', '07:22:19', '09:17:19', '', '', '', '', 1, 1, 1, 1, 1, 1, 1, '0', 0, 1, 0, 0, 1, 0, 0, 1, 0, 0, 1, 1, 0, 1, 0, 0, 1, 1, 1, 0, 1, 1, 1, 0, 1, 1, 0, 1, 1, '1', 2699864, 3312739),
(348, 'Marine Biology', '2013-02-06', '07:53:59', '10:24:59', '', '', '', '', 0, 0, 0, 1, 0, 0, 1, '1', 1, 1, 0, 0, 0, 0, 1, 1, 1, 1, 1, 1, 0, 1, 1, 0, 1, 1, 1, 1, 1, 1, 1, 1, 0, 0, 0, 1, 1, '0', 2176191, 3817964),
(349, 'Marketing', '2013-01-13', '07:44:03', '11:16:03', '', '', '', '', 0, 0, 0, 1, 1, 1, 1, '1', 1, 1, 1, 0, 0, 1, 0, 0, 1, 0, 1, 1, 1, 1, 1, 0, 1, 1, 1, 1, 0, 1, 1, 0, 1, 1, 0, 0, 1, '0', 2601258, 3231890),
(350, 'English', '2013-02-08', '07:09:06', '08:11:06', '', '', '', '', 1, 0, 0, 0, 1, 0, 0, '1', 1, 0, 1, 1, 1, 0, 0, 1, 1, 1, 1, 1, 1, 1, 1, 1, 0, 0, 1, 1, 0, 1, 1, 1, 1, 0, 0, 1, 1, '0', 2112960, 3416592),
(351, 'Public Admin', '2013-01-07', '08:20:13', '11:50:13', '', '', '', '', 1, 0, 1, 0, 0, 0, 1, '1', 1, 1, 1, 1, 1, 1, 1, 1, 0, 1, 1, 0, 0, 0, 0, 1, 0, 1, 0, 1, 0, 0, 0, 0, 0, 1, 0, 0, 0, '0', 2112960, 3495335),
(352, 'International Business', '2013-01-17', '08:04:40', '09:45:40', '', '', '', '', 1, 0, 0, 0, 0, 1, 1, '0', 1, 1, 0, 0, 0, 0, 0, 0, 1, 0, 0, 0, 1, 0, 1, 1, 1, 1, 1, 0, 0, 1, 0, 0, 0, 1, 0, 0, 0, '1', 2692833, 3019065),
(353, 'Management', '2013-01-08', '07:16:59', '13:07:59', '', '', '', '', 0, 0, 1, 1, 0, 1, 1, '0', 1, 1, 0, 0, 1, 1, 1, 0, 0, 1, 0, 1, 1, 0, 1, 0, 1, 1, 1, 0, 0, 1, 1, 1, 0, 1, 1, 1, 0, '0', 2090370, 3324293),
(354, 'Pre-Professional Biology', '2013-02-26', '08:19:32', '12:55:32', '', '', '', '', 0, 0, 1, 1, 0, 1, 0, '1', 0, 1, 1, 0, 1, 1, 1, 1, 0, 0, 1, 0, 0, 0, 1, 0, 0, 1, 1, 0, 1, 0, 0, 0, 0, 1, 0, 1, 0, '1', 2189703, 3710607),
(355, 'Social Work', '2013-01-26', '07:02:16', '11:42:16', '', '', '', '', 1, 0, 0, 0, 0, 1, 1, '1', 1, 0, 1, 1, 1, 1, 1, 1, 0, 1, 0, 0, 0, 1, 1, 0, 0, 1, 0, 1, 1, 0, 1, 0, 1, 1, 1, 1, 1, '0', 2144316, 3102859),
(356, 'Emergency Management', '2013-02-06', '07:24:50', '13:01:50', '', '', '', '', 1, 0, 1, 0, 1, 1, 1, '1', 0, 1, 1, 1, 1, 1, 0, 0, 1, 0, 0, 1, 1, 0, 1, 1, 1, 0, 1, 0, 0, 1, 0, 1, 1, 1, 0, 1, 0, '0', 2563070, 3180511),
(357, 'Marketing', '2013-02-22', '07:19:15', '12:30:15', '', '', '', '', 1, 1, 0, 0, 1, 1, 0, '1', 1, 1, 0, 0, 1, 0, 0, 1, 0, 1, 1, 0, 1, 1, 1, 0, 0, 0, 1, 0, 1, 1, 0, 1, 0, 1, 1, 1, 1, '0', 2090370, 3179786),
(358, 'Mathematics', '2013-01-10', '07:30:17', '10:23:17', '', '', '', '', 0, 1, 1, 0, 1, 1, 0, '1', 0, 1, 0, 0, 0, 1, 1, 1, 1, 0, 1, 0, 1, 0, 0, 0, 1, 0, 1, 1, 1, 0, 0, 1, 0, 0, 0, 0, 1, '1', 2654925, 3253450),
(359, 'General Studies', '2013-01-04', '07:52:37', '10:51:37', '', '', '', '', 1, 1, 1, 0, 0, 0, 1, '0', 0, 0, 1, 1, 1, 1, 1, 0, 0, 1, 1, 0, 1, 1, 0, 1, 0, 0, 0, 0, 0, 0, 1, 0, 0, 1, 1, 0, 1, '1', 2692833, 3180511),
(360, 'Social Work', '2013-01-14', '08:36:56', '12:11:56', '', '', '', '', 1, 0, 1, 0, 0, 1, 0, '1', 0, 1, 0, 1, 1, 1, 0, 0, 1, 0, 1, 1, 1, 0, 1, 1, 1, 0, 1, 0, 0, 1, 1, 1, 0, 0, 1, 0, 1, '1', 2112960, 3708813),
(361, 'History', '2013-01-09', '08:38:29', '11:37:29', '', '', '', '', 0, 1, 0, 1, 0, 1, 0, '0', 1, 1, 1, 0, 1, 1, 0, 0, 0, 0, 1, 0, 1, 1, 0, 0, 0, 0, 0, 1, 1, 1, 1, 0, 1, 1, 0, 1, 0, '1', 2649534, 3880232),
(362, 'English', '2013-01-29', '08:25:33', '11:34:33', '', '', '', '', 0, 0, 0, 1, 0, 0, 0, '0', 1, 0, 1, 0, 1, 1, 1, 0, 0, 1, 1, 0, 0, 0, 1, 0, 0, 0, 0, 0, 0, 0, 0, 1, 1, 0, 0, 1, 0, '0', 2936916, 3719280),
(363, 'Comm & Media Studies', '2013-02-09', '08:30:08', '11:49:08', '', '', '', '', 0, 1, 1, 0, 1, 1, 0, '0', 1, 1, 0, 1, 0, 1, 1, 0, 1, 1, 1, 1, 1, 0, 1, 0, 1, 0, 0, 0, 0, 1, 1, 1, 1, 1, 0, 0, 1, '1', 2510463, 3662054),
(364, 'International Business', '2013-01-09', '07:40:25', '12:54:25', '', '', '', '', 0, 0, 0, 1, 0, 0, 0, '1', 0, 0, 1, 0, 1, 1, 1, 0, 1, 0, 0, 0, 0, 0, 0, 0, 1, 1, 1, 1, 1, 0, 1, 0, 0, 1, 0, 1, 0, '1', 2389712, 3241279),
(365, 'Pre-Engineering', '2013-02-12', '08:25:01', '10:24:01', '', '', '', '', 0, 0, 0, 1, 1, 0, 0, '1', 0, 1, 0, 0, 1, 1, 0, 0, 1, 0, 1, 1, 1, 0, 1, 0, 0, 1, 1, 1, 0, 1, 1, 0, 1, 0, 0, 1, 1, '1', 2176191, 3710470),
(366, 'Art', '2013-01-18', '08:07:42', '09:15:42', '', '', '', '', 1, 1, 1, 0, 1, 0, 1, '0', 1, 0, 0, 0, 1, 1, 0, 1, 1, 1, 1, 1, 1, 1, 0, 1, 1, 0, 0, 1, 0, 1, 0, 1, 1, 0, 1, 0, 1, '1', 2166987, 3921337),
(367, 'Theatre', '2013-02-11', '08:44:45', '14:07:45', '', '', '', '', 1, 0, 1, 1, 1, 1, 0, '0', 0, 1, 0, 0, 1, 0, 0, 1, 0, 0, 0, 1, 1, 0, 1, 0, 1, 0, 1, 1, 1, 1, 0, 0, 0, 0, 0, 0, 0, '1', 2699864, 3710470),
(368, 'Criminology', '2013-01-11', '07:35:39', '11:02:39', '', '', '', '', 0, 0, 0, 1, 0, 0, 1, '1', 0, 1, 0, 1, 1, 1, 1, 1, 0, 1, 1, 0, 0, 1, 1, 0, 0, 1, 1, 1, 0, 0, 0, 1, 1, 0, 1, 1, 1, '0', 2654925, 3180511),
(369, 'Pre-Law', '2013-02-03', '08:33:52', '12:15:52', '', '', '', '', 1, 1, 0, 1, 1, 1, 1, '0', 0, 0, 1, 1, 1, 1, 1, 1, 0, 1, 0, 0, 1, 1, 0, 1, 1, 1, 1, 0, 0, 0, 0, 1, 1, 1, 1, 1, 0, '1', 2389712, 3893456),
(370, 'Info Technology', '2013-01-31', '07:39:47', '09:52:47', '', '', '', '', 0, 0, 1, 1, 1, 1, 1, '1', 0, 0, 1, 0, 0, 1, 1, 0, 1, 0, 0, 0, 1, 0, 1, 0, 0, 0, 0, 0, 1, 1, 1, 0, 1, 0, 1, 1, 0, '1', 2699864, 3192459),
(371, 'Public Admin', '2013-01-10', '07:39:55', '09:04:55', '', '', '', '', 1, 1, 0, 1, 1, 0, 0, '0', 1, 1, 1, 1, 0, 1, 1, 1, 1, 1, 0, 0, 0, 1, 0, 1, 1, 1, 0, 1, 1, 1, 1, 0, 1, 0, 0, 1, 1, '0', 2166987, 3468602),
(372, 'Liberal Studies', '2013-01-29', '07:24:27', '10:16:27', '', '', '', '', 0, 1, 0, 1, 0, 1, 0, '1', 0, 0, 0, 0, 1, 1, 1, 1, 0, 0, 0, 1, 1, 1, 0, 1, 1, 1, 1, 1, 0, 1, 1, 0, 0, 1, 1, 1, 0, '1', 2195327, 3801439),
(373, 'Clinical Biology', '2013-02-27', '08:15:49', '12:54:49', '', '', '', '', 0, 1, 0, 1, 0, 0, 1, '0', 0, 0, 1, 0, 1, 1, 1, 1, 0, 1, 1, 1, 0, 1, 0, 1, 1, 1, 1, 1, 1, 1, 1, 1, 0, 1, 0, 0, 1, '1', 2176191, 3073759),
(374, 'Marine Biology', '2013-02-25', '07:25:57', '10:31:57', '', '', '', '', 1, 1, 0, 0, 1, 0, 1, '1', 1, 0, 0, 0, 0, 1, 1, 1, 0, 1, 0, 0, 1, 1, 0, 0, 0, 0, 0, 1, 0, 1, 0, 1, 0, 1, 0, 0, 0, '1', 2166987, 3416592),
(375, 'Pre-Nursing', '2013-01-03', '07:25:40', '12:40:40', '', '', '', '', 0, 0, 1, 1, 1, 0, 0, '0', 1, 0, 1, 1, 0, 1, 1, 1, 0, 1, 1, 1, 1, 0, 0, 0, 0, 0, 1, 0, 1, 0, 1, 0, 0, 0, 1, 1, 1, '1', 2166987, 3192459),
(376, 'Theatre', '2013-02-20', '07:40:53', '11:55:53', '', '', '', '', 0, 1, 0, 0, 0, 1, 0, '0', 0, 1, 0, 1, 1, 1, 0, 1, 0, 0, 0, 0, 1, 1, 1, 1, 1, 1, 0, 1, 1, 1, 0, 1, 1, 0, 1, 1, 0, '1', 2699864, 3710607),
(377, 'Marine Biology', '2013-01-14', '07:30:34', '11:20:34', '', '', '', '', 1, 1, 0, 1, 1, 0, 0, '0', 0, 0, 0, 1, 0, 0, 0, 0, 1, 0, 1, 1, 0, 1, 1, 0, 0, 1, 0, 1, 0, 1, 1, 1, 1, 1, 1, 1, 1, '0', 2195327, 3577083),
(378, 'Foreign Exchange Stu', '2013-01-19', '07:52:16', '12:35:16', '', '', '', '', 1, 0, 0, 1, 0, 0, 0, '0', 1, 0, 1, 1, 0, 0, 0, 0, 1, 0, 0, 1, 0, 0, 0, 0, 0, 1, 1, 1, 0, 0, 0, 0, 0, 0, 1, 0, 1, '0', 2692833, 3972043),
(379, 'Emergency Management', '2013-02-26', '08:24:50', '12:43:50', '', '', '', '', 0, 0, 1, 1, 0, 1, 0, '1', 1, 0, 1, 1, 1, 1, 1, 1, 1, 1, 0, 0, 1, 0, 0, 0, 1, 1, 0, 1, 0, 1, 1, 0, 1, 1, 0, 0, 0, '0', 2176191, 3719280),
(380, 'Chemistry', '2013-02-18', '07:54:50', '11:02:50', '', '', '', '', 0, 0, 0, 1, 1, 1, 1, '0', 0, 1, 1, 1, 1, 0, 1, 1, 1, 1, 1, 0, 1, 0, 1, 1, 1, 1, 0, 1, 0, 0, 0, 1, 1, 0, 1, 0, 0, '1', 2177377, 3390753),
(381, 'Sociology', '2013-02-01', '08:34:28', '14:08:28', '', '', '', '', 0, 0, 0, 0, 0, 1, 0, '0', 1, 0, 0, 1, 0, 0, 1, 1, 0, 1, 1, 1, 0, 0, 0, 1, 1, 1, 0, 0, 1, 0, 0, 1, 0, 1, 1, 1, 1, '1', 2166987, 3241279),
(382, 'Sport Management', '2013-01-25', '08:22:48', '12:08:48', '', '', '', '', 0, 1, 1, 1, 0, 1, 1, '0', 1, 0, 1, 1, 1, 0, 0, 1, 0, 1, 1, 1, 1, 0, 1, 0, 0, 0, 1, 1, 1, 0, 1, 0, 1, 0, 0, 1, 1, '1', 2649534, 3495335),
(383, 'International Business', '2013-02-15', '08:37:02', '10:19:02', '', '', '', '', 0, 1, 1, 0, 0, 1, 1, '0', 0, 1, 0, 0, 1, 1, 0, 0, 1, 1, 1, 1, 1, 1, 1, 0, 0, 1, 1, 1, 0, 0, 0, 0, 0, 0, 1, 0, 1, '0', 2936916, 3703383),
(384, 'Spanish', '2013-02-21', '08:31:59', '13:56:59', '', '', '', '', 1, 0, 0, 1, 0, 0, 0, '0', 0, 1, 0, 0, 1, 1, 0, 1, 0, 1, 0, 0, 0, 1, 0, 1, 0, 0, 0, 0, 1, 0, 1, 1, 0, 1, 0, 1, 1, '0', 2112960, 3930369),
(385, 'Music', '2013-01-25', '08:15:39', '11:26:39', '', '', '', '', 1, 0, 0, 1, 0, 0, 0, '1', 1, 1, 1, 1, 0, 1, 1, 0, 1, 0, 1, 1, 0, 0, 1, 0, 1, 1, 0, 0, 0, 0, 1, 1, 1, 1, 0, 0, 0, '0', 2510463, 3710607),
(386, 'Social Work', '2013-02-17', '07:24:10', '08:41:10', '', '', '', '', 0, 0, 0, 0, 1, 1, 1, '0', 1, 0, 1, 0, 0, 0, 1, 1, 0, 1, 0, 1, 0, 1, 0, 0, 0, 0, 0, 0, 0, 0, 1, 1, 0, 1, 1, 1, 0, '1', 2649534, 3397068),
(387, 'Women Studies', '2013-01-24', '07:46:44', '12:25:44', '', '', '', '', 1, 0, 0, 0, 0, 0, 0, '1', 0, 0, 1, 1, 0, 0, 0, 1, 1, 1, 1, 0, 0, 0, 1, 1, 1, 1, 0, 1, 0, 1, 1, 1, 1, 1, 1, 0, 0, '1', 2090370, 3390753),
(388, 'Sport, Exerc & Perf Psy', '2013-01-05', '08:22:16', '12:02:16', '', '', '', '', 1, 1, 0, 0, 0, 1, 0, '0', 1, 1, 0, 1, 1, 0, 1, 0, 1, 0, 0, 0, 0, 0, 0, 0, 0, 0, 1, 1, 0, 0, 1, 1, 1, 1, 0, 0, 1, '1', 2510463, 3031184),
(389, 'Foreign Exchange Stu', '2013-01-20', '08:07:49', '11:20:49', '', '', '', '', 1, 0, 0, 1, 0, 1, 1, '0', 0, 0, 1, 0, 1, 0, 1, 0, 1, 1, 0, 0, 1, 1, 0, 1, 1, 1, 0, 1, 1, 0, 0, 1, 1, 1, 0, 1, 1, '1', 2090370, 3346705),
(390, 'Psychology', '2013-01-11', '07:53:29', '11:59:29', '', '', '', '', 1, 1, 0, 0, 0, 1, 1, '1', 1, 1, 1, 1, 0, 0, 1, 0, 1, 0, 0, 0, 0, 1, 1, 0, 1, 1, 0, 0, 1, 1, 1, 0, 0, 1, 1, 1, 1, '1', 2559916, 3980688),
(391, 'Info Technology', '2013-01-24', '07:03:37', '10:20:37', '', '', '', '', 1, 0, 0, 0, 0, 0, 0, '0', 0, 0, 0, 1, 0, 1, 1, 0, 1, 1, 0, 0, 1, 0, 0, 1, 1, 0, 1, 0, 0, 1, 0, 1, 1, 1, 0, 1, 1, '1', 2699864, 3516423),
(392, 'General Studies', '2013-01-25', '08:35:47', '14:13:47', '', '', '', '', 0, 1, 1, 1, 1, 0, 0, '0', 1, 0, 0, 0, 1, 0, 1, 0, 1, 0, 1, 1, 1, 1, 0, 1, 1, 1, 0, 0, 1, 0, 0, 0, 0, 1, 1, 0, 0, '0', 2563070, 3708813),
(393, 'Comm & Media Studies', '2013-01-14', '07:38:08', '11:34:08', '', '', '', '', 1, 1, 0, 0, 1, 0, 1, '1', 1, 0, 0, 0, 0, 1, 1, 0, 1, 0, 1, 1, 1, 1, 0, 0, 1, 1, 0, 0, 1, 1, 1, 0, 0, 0, 1, 1, 1, '1', 2649534, 3988299),
(394, 'Spanish', '2013-01-21', '08:43:37', '10:53:37', '', '', '', '', 1, 1, 1, 0, 0, 1, 0, '1', 1, 0, 0, 1, 0, 0, 1, 1, 1, 1, 0, 0, 1, 0, 0, 0, 1, 0, 1, 1, 1, 0, 0, 0, 0, 0, 1, 0, 1, '1', 2176191, 3031184),
(395, 'Liberal Studies', '2013-02-05', '08:37:02', '11:04:02', '', '', '', '', 0, 0, 0, 1, 1, 1, 1, '1', 0, 0, 0, 1, 1, 1, 1, 1, 1, 0, 1, 1, 0, 0, 0, 0, 0, 1, 1, 0, 0, 1, 1, 1, 1, 0, 1, 1, 0, '1', 2654925, 3744574),
(396, 'Political Science', '2013-01-24', '07:21:28', '09:20:28', '', '', '', '', 1, 0, 0, 0, 1, 0, 0, '0', 0, 0, 1, 0, 1, 1, 0, 0, 1, 1, 0, 1, 0, 0, 0, 0, 1, 1, 0, 0, 1, 0, 1, 0, 0, 1, 1, 1, 1, '0', 2699864, 3366782),
(397, 'Public Admin', '2013-02-10', '08:38:38', '10:30:38', '', '', '', '', 0, 0, 0, 1, 1, 0, 0, '1', 1, 0, 1, 0, 0, 1, 1, 0, 0, 1, 0, 1, 1, 0, 1, 0, 1, 0, 1, 0, 0, 0, 1, 1, 1, 0, 0, 0, 1, '0', 2559916, 3694818),
(398, 'Emergency Management', '2013-01-13', '07:34:08', '09:09:08', '', '', '', '', 0, 1, 1, 0, 0, 1, 0, '0', 0, 1, 0, 0, 1, 0, 1, 0, 0, 0, 1, 0, 0, 0, 0, 0, 0, 1, 0, 1, 1, 0, 0, 0, 0, 0, 0, 1, 0, '0', 2090370, 3022524),
(399, 'Software Engineering', '2013-01-06', '07:20:54', '10:36:54', '', '', '', '', 1, 1, 0, 1, 1, 1, 0, '0', 0, 0, 0, 0, 0, 0, 1, 1, 0, 1, 1, 1, 0, 0, 0, 1, 0, 0, 0, 0, 0, 0, 0, 0, 0, 0, 1, 1, 0, '0', 2195327, 3880232),
(400, 'Nursing', '2013-01-24', '08:16:11', '12:59:11', '', '', '', '', 0, 1, 0, 0, 1, 0, 1, '0', 0, 0, 1, 1, 0, 0, 0, 0, 1, 1, 0, 1, 1, 1, 0, 1, 0, 1, 1, 1, 0, 0, 1, 0, 1, 1, 1, 0, 1, '0', 2563070, 3128791),
(401, 'Women Studies', '2013-01-09', '07:51:10', '10:28:10', '', '', '', '', 1, 1, 1, 1, 1, 1, 1, '1', 0, 1, 1, 1, 0, 0, 1, 1, 1, 0, 0, 1, 0, 1, 1, 0, 0, 1, 0, 1, 1, 1, 1, 1, 1, 0, 0, 1, 1, '1', 2654925, 3988299),
(402, 'History', '2013-02-20', '07:33:29', '13:31:29', '', '', '', '', 0, 0, 0, 0, 1, 1, 1, '0', 0, 0, 0, 0, 0, 0, 1, 1, 1, 1, 0, 1, 1, 1, 0, 1, 0, 1, 1, 1, 1, 0, 0, 1, 1, 1, 1, 1, 1, '0', 2559916, 3893456),
(403, 'General Studies', '2013-01-23', '08:14:12', '09:23:12', '', '', '', '', 1, 0, 0, 0, 1, 0, 1, '0', 0, 1, 0, 1, 0, 1, 1, 1, 1, 1, 0, 1, 0, 1, 0, 0, 0, 0, 1, 0, 1, 0, 1, 0, 1, 1, 0, 0, 1, '1', 2177377, 3988299),
(404, 'Theatre', '2013-01-02', '07:05:53', '08:30:53', '', '', '', '', 0, 1, 0, 1, 1, 0, 1, '0', 1, 1, 0, 1, 1, 1, 0, 1, 1, 1, 0, 0, 1, 0, 1, 0, 1, 0, 0, 1, 1, 1, 0, 0, 1, 1, 1, 1, 0, '0', 2176191, 3705831),
(405, 'Legal Post Bac Cert', '2013-01-15', '07:48:09', '11:50:09', '', '', '', '', 0, 0, 1, 0, 1, 0, 0, '0', 0, 0, 0, 0, 1, 0, 1, 1, 0, 1, 1, 1, 0, 0, 1, 0, 1, 0, 0, 1, 1, 0, 0, 0, 0, 1, 1, 1, 1, '0', 2166987, 3381681),
(406, 'Human Services', '2013-01-06', '07:42:03', '11:05:03', '', '', '', '', 0, 1, 1, 0, 1, 0, 0, '1', 1, 0, 0, 1, 1, 0, 0, 0, 0, 0, 0, 0, 1, 0, 1, 0, 1, 0, 1, 0, 0, 0, 1, 1, 1, 1, 0, 0, 1, '1', 2563070, 3893456),
(407, 'Marketing', '2013-02-16', '07:24:49', '09:56:49', '', '', '', '', 1, 0, 1, 1, 0, 1, 0, '0', 0, 0, 1, 1, 0, 0, 0, 0, 0, 0, 1, 1, 0, 0, 0, 1, 1, 1, 1, 0, 0, 1, 1, 1, 1, 1, 0, 0, 0, '1', 2166987, 3980688),
(408, 'Computer Info Sciences', '2013-02-05', '07:18:29', '09:17:29', '', '', '', '', 1, 1, 0, 0, 1, 1, 1, '1', 0, 0, 0, 1, 0, 1, 0, 1, 1, 0, 1, 1, 0, 1, 1, 1, 1, 0, 1, 1, 1, 1, 0, 1, 1, 1, 1, 1, 1, '0', 2176191, 3710607),
(409, 'Legal Post Bac Cert', '2013-02-07', '07:15:24', '10:04:24', '', '', '', '', 1, 1, 0, 1, 1, 0, 1, '1', 1, 1, 1, 0, 0, 1, 0, 0, 1, 0, 0, 0, 0, 1, 1, 0, 0, 0, 0, 1, 0, 0, 0, 1, 1, 0, 0, 0, 1, '0', 2692833, 3312739),
(410, 'History', '2013-01-09', '07:56:27', '10:30:27', '', '', '', '', 1, 0, 0, 1, 0, 0, 0, '1', 1, 0, 1, 0, 0, 0, 0, 1, 0, 0, 0, 1, 0, 0, 0, 1, 1, 1, 0, 1, 1, 1, 1, 0, 1, 1, 0, 0, 0, '1', 2189703, 3817964),
(411, 'Mathematics', '2013-01-18', '07:27:47', '12:37:47', '', '', '', '', 1, 0, 0, 1, 0, 1, 0, '1', 1, 0, 0, 1, 0, 1, 1, 0, 0, 1, 0, 0, 0, 0, 1, 1, 1, 0, 0, 0, 0, 0, 0, 0, 1, 1, 1, 0, 0, '1', 2649534, 3177918),
(412, 'Spanish', '2013-01-11', '08:16:45', '11:33:45', '', '', '', '', 0, 1, 0, 0, 1, 0, 1, '1', 0, 1, 1, 0, 1, 1, 1, 0, 0, 1, 1, 0, 1, 1, 1, 1, 0, 1, 1, 0, 0, 1, 0, 0, 0, 0, 1, 0, 0, '0', 2177377, 3324086),
(413, 'Info Technology', '2013-01-02', '07:23:17', '09:50:17', '', '', '', '', 1, 0, 1, 1, 1, 0, 0, '1', 1, 0, 1, 1, 0, 1, 0, 1, 1, 0, 0, 0, 0, 0, 0, 1, 1, 1, 0, 1, 0, 1, 0, 1, 0, 1, 0, 0, 1, '1', 2189703, 3495335),
(414, 'Spanish', '2013-02-25', '07:50:49', '09:38:49', '', '', '', '', 0, 0, 1, 1, 1, 1, 1, '0', 0, 0, 1, 0, 1, 0, 0, 0, 1, 0, 1, 1, 1, 0, 0, 1, 0, 0, 1, 1, 0, 0, 1, 1, 0, 1, 1, 1, 1, '1', 2112960, 3809735),
(415, 'Health Serv Admin', '2013-01-13', '07:45:20', '11:32:20', '', '', '', '', 0, 1, 0, 0, 1, 1, 0, '0', 1, 0, 0, 1, 1, 0, 0, 0, 0, 0, 1, 0, 1, 1, 1, 0, 0, 1, 0, 0, 1, 1, 0, 1, 0, 0, 0, 0, 1, '1', 2699864, 3744574),
(416, 'Theology', '2013-01-04', '08:11:31', '14:05:31', '', '', '', '', 1, 1, 1, 0, 1, 1, 1, '1', 0, 1, 1, 0, 0, 0, 0, 1, 1, 1, 0, 1, 1, 0, 1, 1, 0, 1, 0, 0, 1, 0, 1, 1, 1, 0, 1, 0, 0, '0', 2090370, 3721044),
(417, 'Theology', '2013-02-16', '07:40:11', '10:04:11', '', '', '', '', 0, 0, 0, 0, 0, 0, 0, '0', 0, 0, 1, 0, 1, 0, 1, 1, 0, 0, 1, 0, 0, 0, 0, 1, 0, 1, 0, 1, 0, 1, 1, 1, 0, 1, 1, 1, 0, '1', 2699864, 3253450),
(418, 'Foreign Exchange Stu', '2013-01-30', '07:58:32', '09:11:32', '', '', '', '', 0, 1, 0, 0, 1, 0, 0, '1', 1, 0, 1, 1, 0, 1, 0, 1, 0, 0, 0, 1, 0, 1, 0, 0, 1, 0, 1, 0, 0, 0, 1, 1, 1, 0, 1, 1, 1, '1', 2177377, 3600100),
(419, 'Accounting', '2013-01-28', '07:09:22', '10:23:22', '', '', '', '', 0, 0, 0, 1, 1, 0, 0, '0', 1, 0, 0, 1, 1, 0, 1, 1, 1, 1, 0, 0, 1, 0, 0, 0, 1, 1, 0, 0, 0, 1, 1, 1, 1, 0, 1, 0, 0, '1', 2167643, 3019065),
(420, 'Mathematics', '2013-01-17', '07:34:53', '08:36:53', '', '', '', '', 0, 1, 0, 1, 1, 1, 1, '0', 0, 1, 0, 0, 1, 1, 0, 1, 1, 0, 1, 1, 0, 1, 0, 0, 1, 0, 1, 0, 1, 0, 1, 0, 1, 0, 0, 0, 0, '1', 2654925, 3090275),
(421, 'Management', '2013-02-24', '07:55:13', '12:24:13', '', '', '', '', 1, 1, 1, 1, 1, 0, 1, '0', 0, 0, 1, 0, 0, 0, 1, 1, 1, 1, 0, 1, 1, 1, 0, 1, 1, 0, 1, 1, 1, 1, 0, 1, 1, 0, 0, 1, 0, '0', 2654925, 3250203),
(422, 'Legal Post Bac Cert', '2013-01-18', '07:47:06', '12:59:06', '', '', '', '', 1, 0, 0, 0, 1, 0, 0, '1', 1, 0, 1, 0, 0, 1, 0, 0, 1, 0, 1, 1, 0, 1, 1, 1, 1, 1, 1, 0, 1, 0, 0, 0, 1, 0, 0, 0, 0, '1', 2176191, 3274049),
(423, 'Administration', '2013-02-05', '08:23:02', '12:57:02', '', '', '', '', 0, 0, 1, 0, 1, 1, 1, '1', 1, 0, 0, 1, 0, 0, 0, 0, 1, 1, 0, 1, 0, 1, 1, 0, 1, 0, 1, 0, 0, 0, 1, 0, 1, 1, 0, 0, 0, '1', 2189703, 3901491),
(424, 'Liberal Studies', '2013-01-08', '07:51:11', '13:18:11', '', '', '', '', 0, 1, 1, 1, 0, 1, 1, '1', 0, 1, 0, 1, 1, 0, 1, 0, 1, 1, 1, 1, 1, 0, 1, 0, 1, 0, 1, 0, 0, 1, 0, 1, 1, 1, 0, 1, 0, '0', 2195327, 3516423),
(425, 'Spanish', '2013-02-04', '08:25:06', '13:07:06', '', '', '', '', 1, 0, 0, 0, 1, 1, 1, '1', 0, 0, 1, 0, 1, 0, 1, 0, 0, 0, 0, 0, 1, 1, 1, 1, 0, 0, 0, 1, 0, 1, 0, 0, 1, 0, 0, 0, 0, '0', 2195327, 3805737),
(426, 'Africana Studies', '2013-01-25', '08:27:05', '09:32:05', '', '', '', '', 1, 1, 1, 0, 0, 0, 0, '1', 1, 0, 0, 1, 0, 0, 0, 1, 1, 0, 1, 1, 1, 0, 0, 1, 1, 0, 0, 0, 1, 0, 1, 1, 1, 0, 0, 1, 1, '0', 2649534, 3733953),
(427, 'Nursing', '2013-02-05', '08:36:33', '11:06:33', '', '', '', '', 0, 1, 1, 1, 0, 0, 0, '1', 1, 0, 0, 1, 1, 1, 0, 0, 1, 1, 1, 0, 1, 1, 0, 0, 1, 0, 0, 1, 0, 0, 0, 1, 0, 1, 1, 1, 0, '1', 2649534, 3749547),
(428, 'Clinical Biology', '2013-02-01', '08:02:25', '13:56:25', '', '', '', '', 0, 0, 0, 0, 0, 0, 0, '1', 0, 0, 1, 0, 1, 0, 1, 1, 1, 1, 1, 1, 1, 0, 1, 0, 1, 1, 0, 1, 1, 0, 1, 0, 1, 0, 0, 1, 0, '1', 2195327, 3694818),
(429, 'Finance', '2013-02-03', '07:32:24', '12:59:24', '', '', '', '', 1, 1, 0, 1, 0, 1, 0, '1', 1, 1, 0, 0, 0, 1, 1, 0, 0, 0, 0, 1, 1, 1, 0, 0, 0, 0, 0, 1, 0, 0, 1, 0, 1, 0, 0, 1, 0, '1', 2699864, 3231890),
(430, 'Pre-Nursing', '2013-01-15', '07:02:25', '12:51:25', '', '', '', '', 1, 0, 0, 0, 0, 1, 0, '1', 0, 1, 1, 1, 0, 0, 0, 1, 0, 1, 0, 1, 1, 0, 1, 1, 0, 0, 1, 0, 0, 1, 1, 0, 1, 0, 1, 0, 1, '1', 2090370, 3253450),
(431, 'Women Studies', '2013-01-06', '08:18:21', '09:53:21', '', '', '', '', 0, 1, 1, 0, 1, 0, 0, '0', 1, 1, 0, 1, 1, 1, 1, 1, 0, 1, 0, 0, 0, 0, 0, 1, 0, 0, 0, 1, 1, 0, 0, 1, 0, 0, 0, 0, 1, '1', 2692833, 3250203),
(432, 'Mathematics', '2013-01-18', '08:03:24', '12:04:24', '', '', '', '', 0, 0, 1, 1, 0, 1, 0, '0', 1, 0, 1, 0, 1, 0, 1, 0, 0, 0, 0, 0, 1, 1, 0, 0, 0, 0, 0, 0, 1, 1, 1, 1, 0, 1, 0, 1, 0, '0', 2649534, 3704106),
(433, 'Histotechnology', '2013-02-19', '07:16:24', '08:44:24', '', '', '', '', 1, 1, 1, 1, 1, 1, 1, '0', 1, 1, 0, 1, 1, 1, 0, 0, 0, 0, 0, 0, 1, 0, 0, 0, 1, 0, 0, 0, 0, 1, 1, 0, 0, 1, 1, 0, 1, '1', 2090370, 3885264),
(434, 'Criminology', '2013-02-27', '08:39:07', '13:30:07', '', '', '', '', 0, 1, 0, 0, 1, 1, 1, '1', 0, 0, 0, 0, 1, 0, 1, 0, 0, 1, 1, 1, 0, 1, 1, 0, 1, 1, 0, 1, 0, 1, 0, 1, 0, 0, 1, 1, 0, '1', 2090370, 3719280),
(435, 'CV Perfusion Program', '2013-02-14', '07:57:37', '09:40:37', '', '', '', '', 1, 1, 1, 0, 0, 1, 1, '0', 0, 1, 1, 0, 0, 1, 1, 1, 0, 1, 1, 1, 0, 1, 1, 1, 1, 0, 0, 1, 1, 1, 0, 0, 1, 1, 0, 0, 1, '0', 2654925, 3276176),
(436, 'Sport Management', '2013-01-13', '08:36:20', '14:21:20', '', '', '', '', 0, 0, 1, 1, 0, 1, 1, '0', 1, 0, 1, 0, 1, 1, 0, 0, 0, 1, 0, 0, 1, 0, 1, 1, 1, 1, 0, 1, 0, 0, 1, 0, 1, 1, 0, 0, 0, '1', 2692833, 3613632),
(437, 'Pre-Law', '2013-02-20', '07:21:53', '13:14:53', '', '', '', '', 0, 1, 1, 0, 0, 1, 1, '0', 0, 1, 0, 0, 1, 0, 1, 1, 0, 0, 0, 0, 0, 1, 0, 1, 0, 1, 1, 0, 0, 1, 1, 0, 0, 1, 1, 1, 0, '1', 2510463, 3179786),
(438, 'CV Perfusion Program', '2013-01-20', '08:31:26', '10:13:26', '', '', '', '', 1, 0, 1, 0, 0, 1, 0, '0', 0, 1, 1, 1, 1, 1, 0, 0, 1, 0, 1, 0, 0, 1, 1, 1, 1, 1, 1, 0, 1, 0, 0, 0, 0, 1, 1, 0, 0, '0', 2176191, 3346705),
(439, 'Sport, Exerc & Perf Psy', '2013-02-18', '08:37:35', '10:31:35', '', '', '', '', 1, 1, 0, 1, 1, 0, 1, '1', 1, 0, 0, 0, 1, 0, 1, 0, 0, 0, 1, 0, 1, 0, 0, 1, 0, 0, 1, 0, 0, 1, 1, 1, 0, 1, 1, 0, 0, '1', 2189703, 3901491),
(440, 'Theology', '2013-02-18', '07:58:32', '09:30:32', '', '', '', '', 0, 1, 1, 0, 0, 1, 0, '1', 0, 0, 1, 0, 0, 0, 1, 0, 1, 1, 1, 0, 0, 0, 1, 0, 0, 1, 1, 0, 1, 0, 0, 1, 0, 0, 1, 0, 1, '1', 2176191, 3710607),
(441, 'Art', '2013-02-24', '07:53:15', '13:23:15', '', '', '', '', 1, 0, 1, 0, 1, 0, 0, '0', 1, 1, 0, 0, 0, 1, 0, 1, 0, 1, 1, 0, 1, 0, 1, 1, 0, 0, 0, 0, 0, 0, 1, 1, 0, 0, 1, 1, 1, '1', 2649534, 3941392),
(442, 'Sociology', '2013-01-09', '07:01:32', '12:19:32', '', '', '', '', 0, 0, 1, 1, 0, 0, 1, '0', 0, 0, 0, 1, 1, 1, 1, 1, 1, 0, 1, 0, 1, 1, 1, 1, 1, 0, 1, 0, 1, 0, 0, 0, 1, 0, 1, 0, 0, '0', 2144316, 3721044),
(443, 'Photography', '2013-02-23', '08:33:32', '11:45:32', '', '', '', '', 0, 0, 1, 1, 1, 1, 1, '0', 1, 0, 0, 1, 1, 0, 0, 1, 1, 1, 0, 1, 1, 0, 1, 1, 0, 1, 0, 0, 1, 1, 0, 0, 0, 0, 1, 0, 1, '0', 2389712, 3179786),
(444, 'International Business', '2013-01-14', '07:01:53', '09:04:53', '', '', '', '', 1, 0, 0, 1, 0, 1, 1, '1', 1, 0, 1, 1, 0, 0, 0, 1, 1, 1, 0, 0, 0, 1, 0, 1, 1, 1, 0, 0, 0, 1, 1, 1, 0, 0, 0, 1, 0, '1', 2112960, 3749547);
INSERT INTO `clinical_record` (`CR_ID`, `SUBJECT`, `RECORD_DATE`, `TIME_IN`, `TIME_OUT`, `INSTRUCTIONAL_PLAN`, `OBSERVED_STRENGTHS`, `AREAS_FOR_IMPROVEMENTS`, `WHAT_SHOULD_HAPPEN_NEXT`, `INSTRUCTIONAL_INTERVENTION1`, `INSTRUCTIONAL_INTERVENTION2`, `INSTRUCTIONAL_INTERVENTION3`, `INSTRUCTIONAL_INTERVENTION4`, `INSTRUCTIONAL_INTERVENTION5`, `INSTRUCTIONAL_INTERVENTION6`, `INSTRUCTIONAL_INTERVENTION7`, `INSTRUCTIONAL_INTERVENTION_OTHER`, `INSTRUCTIONAL_OUTCOMES1`, `INSTRUCTIONAL_OUTCOMES2`, `INSTRUCTIONAL_OUTCOMES3`, `INSTRUCTIONAL_OUTCOMES4`, `INSTRUCTIONAL_OUTCOMES5`, `INSTRUCTIONAL_OUTCOMES6`, `INSTRUCTIONAL_OUTCOMES7`, `INSTRUCTIONAL_OUTCOMES8`, `INSTRUCTIONAL_OUTCOMES9`, `INSTRUCTIONAL_OUTCOMES10`, `INSTRUCTIONAL_OUTCOMES11`, `INSTRUCTIONAL_OUTCOMES12`, `INSTRUCTIONAL_OUTCOMES13`, `INSTRUCTIONAL_OUTCOMES14`, `INSTRUCTIONAL_OUTCOMES15`, `INSTRUCTIONAL_OUTCOMES16`, `INSTRUCTIONAL_OUTCOMES17`, `INSTRUCTIONAL_OUTCOMES18`, `INSTRUCTIONAL_OUTCOMES19`, `INSTRUCTIONAL_OUTCOMES20`, `INSTRUCTIONAL_OUTCOMES21`, `INSTRUCTIONAL_OUTCOMES22`, `INSTRUCTIONAL_OUTCOMES23`, `INSTRUCTIONAL_OUTCOMES24`, `INSTRUCTIONAL_OUTCOMES25`, `INSTRUCTIONAL_OUTCOMES26`, `INSTRUCTIONAL_OUTCOMES27`, `INSTRUCTIONAL_OUTCOMES28`, `INSTRUCTIONAL_OUTCOMES29`, `INSTRUCTIONAL_OUTCOMES_OTHER`, `TUTOR_ID`, `STUDENT_ID`) VALUES
(445, 'Philosophy', '2013-02-07', '07:29:53', '08:37:53', '', '', '', '', 1, 0, 0, 0, 0, 0, 1, '1', 1, 1, 1, 1, 1, 1, 0, 1, 1, 0, 1, 1, 0, 0, 1, 0, 0, 0, 0, 1, 0, 1, 0, 1, 0, 0, 0, 1, 1, '1', 2177377, 3941392),
(446, 'Criminology', '2013-01-03', '07:25:22', '09:28:22', '', '', '', '', 1, 1, 1, 0, 0, 0, 1, '1', 1, 1, 0, 1, 1, 0, 0, 0, 1, 0, 0, 0, 0, 1, 0, 1, 1, 1, 0, 0, 1, 1, 1, 0, 0, 0, 1, 0, 0, '0', 2176191, 3921337),
(447, 'Exercise Physiology', '2013-02-10', '07:22:33', '12:03:33', '', '', '', '', 0, 1, 1, 0, 0, 0, 0, '1', 0, 1, 1, 0, 1, 1, 1, 1, 1, 0, 0, 1, 0, 1, 1, 0, 0, 1, 0, 0, 1, 0, 0, 1, 1, 0, 1, 1, 0, '1', 2112960, 3396382),
(448, 'International Business', '2013-02-20', '07:09:24', '09:00:24', '', '', '', '', 0, 1, 0, 0, 1, 0, 0, '1', 0, 1, 1, 0, 0, 1, 1, 0, 1, 0, 1, 0, 1, 1, 0, 1, 1, 1, 1, 0, 0, 0, 0, 0, 1, 1, 1, 1, 0, '1', 2189703, 3118103),
(449, 'Accounting', '2013-01-10', '07:22:02', '10:00:02', '', '', '', '', 1, 0, 1, 1, 0, 1, 0, '0', 1, 0, 0, 1, 1, 0, 0, 0, 0, 1, 1, 1, 1, 1, 0, 1, 1, 0, 0, 0, 0, 1, 0, 0, 0, 0, 1, 1, 0, '1', 2601258, 3880232),
(450, 'Marine Biology', '2013-01-09', '07:23:58', '12:17:58', '', '', '', '', 1, 1, 1, 1, 0, 0, 1, '0', 0, 0, 0, 0, 1, 0, 0, 0, 0, 1, 0, 0, 1, 1, 1, 1, 0, 0, 0, 0, 1, 1, 1, 1, 0, 1, 1, 0, 0, '0', 2176191, 3901491),
(451, 'Theology', '2013-01-22', '08:05:52', '09:47:52', '', '', '', '', 0, 0, 0, 0, 1, 0, 0, '0', 1, 1, 1, 1, 1, 1, 0, 1, 0, 0, 1, 0, 1, 0, 1, 0, 1, 1, 0, 0, 1, 0, 1, 1, 1, 1, 1, 1, 1, '0', 2631706, 3733953),
(452, 'Pre-Professional Biology', '2013-01-31', '07:23:48', '11:53:48', '', '', '', '', 0, 1, 1, 0, 0, 1, 0, '0', 1, 0, 1, 0, 0, 0, 0, 1, 0, 1, 1, 0, 1, 1, 0, 0, 0, 1, 0, 0, 1, 0, 0, 1, 0, 1, 0, 1, 1, '0', 2510463, 3120124),
(453, 'Social Work', '2013-01-08', '08:01:18', '11:33:18', '', '', '', '', 0, 0, 0, 1, 0, 0, 1, '1', 1, 0, 0, 1, 0, 0, 1, 0, 0, 0, 1, 1, 1, 1, 0, 1, 1, 1, 0, 1, 1, 1, 0, 1, 1, 1, 1, 0, 1, '0', 2176191, 3381681),
(454, 'Applied Sport & Exercise Scien', '2013-01-16', '08:37:59', '12:30:59', '', '', '', '', 1, 1, 0, 1, 1, 0, 1, '1', 0, 1, 1, 0, 0, 0, 0, 0, 1, 1, 0, 1, 0, 1, 1, 1, 1, 0, 1, 0, 1, 0, 1, 0, 0, 1, 1, 0, 0, '1', 2699864, 3908817),
(455, 'Comm & Media Studies', '2013-01-02', '08:29:31', '12:38:31', '', '', '', '', 1, 0, 1, 1, 1, 0, 0, '1', 0, 0, 1, 1, 0, 1, 1, 0, 0, 1, 0, 0, 0, 1, 0, 0, 0, 1, 1, 1, 1, 0, 1, 1, 1, 0, 1, 0, 1, '0', 2166987, 3277769),
(456, 'Art', '2013-02-15', '08:11:26', '10:44:26', '', '', '', '', 0, 1, 1, 0, 0, 0, 1, '0', 0, 1, 1, 1, 0, 1, 0, 0, 0, 1, 0, 0, 0, 1, 1, 1, 1, 1, 0, 0, 0, 0, 1, 0, 1, 0, 1, 0, 1, '0', 2189703, 3600100),
(457, 'Undecided/Undeclared', '2013-01-07', '08:07:00', '11:03:00', '', '', '', '', 0, 1, 1, 0, 1, 0, 0, '0', 0, 0, 1, 0, 1, 1, 1, 1, 0, 1, 1, 1, 0, 0, 1, 0, 1, 0, 1, 1, 0, 1, 0, 1, 0, 1, 0, 1, 0, '1', 2144316, 3733953),
(458, 'Computer Science', '2013-01-27', '07:10:36', '12:30:36', '', '', '', '', 0, 0, 1, 1, 0, 0, 0, '1', 1, 1, 1, 0, 0, 0, 1, 1, 0, 0, 0, 0, 0, 1, 0, 0, 0, 0, 1, 0, 1, 0, 0, 0, 0, 0, 1, 1, 0, '1', 2389712, 3192459),
(459, 'Education', '2013-03-01', '08:26:03', '11:01:03', '', '', '', '', 0, 0, 1, 0, 1, 0, 0, '1', 1, 0, 1, 1, 1, 0, 0, 1, 0, 0, 0, 0, 1, 0, 1, 0, 1, 1, 0, 0, 0, 1, 0, 0, 0, 0, 0, 0, 1, '0', 2189703, 3416592),
(460, 'Broadcast and Emerging Media', '2013-01-09', '08:38:07', '11:09:07', '', '', '', '', 1, 1, 1, 0, 0, 0, 0, '1', 0, 0, 0, 0, 1, 0, 1, 1, 0, 1, 0, 0, 1, 0, 1, 1, 1, 1, 1, 0, 0, 1, 0, 1, 1, 1, 0, 0, 0, '1', 2166987, 3880232),
(461, 'Histotechnology', '2013-02-18', '07:29:50', '12:13:50', '', '', '', '', 1, 0, 0, 1, 0, 0, 1, '0', 1, 0, 1, 1, 1, 0, 0, 1, 1, 1, 1, 0, 0, 1, 1, 1, 1, 0, 1, 1, 1, 0, 1, 1, 0, 0, 1, 0, 1, '1', 2510463, 3396382),
(462, 'Nursing', '2013-02-25', '07:52:28', '09:58:28', '', '', '', '', 0, 1, 0, 0, 1, 1, 0, '1', 0, 1, 1, 0, 1, 1, 0, 0, 1, 1, 0, 1, 1, 1, 0, 1, 1, 0, 0, 0, 1, 1, 1, 1, 0, 1, 1, 1, 1, '1', 2601258, 3164976),
(463, 'Marine Biology', '2013-02-18', '07:18:24', '11:01:24', '', '', '', '', 1, 0, 0, 0, 0, 1, 0, '1', 0, 1, 0, 1, 0, 1, 0, 1, 0, 0, 1, 0, 0, 1, 1, 1, 0, 0, 1, 1, 0, 0, 1, 1, 0, 1, 1, 0, 0, '1', 2389712, 3125631),
(464, 'Exercise Physiology', '2013-01-18', '08:09:47', '13:48:47', '', '', '', '', 0, 1, 0, 0, 0, 0, 1, '0', 0, 0, 0, 0, 1, 0, 1, 0, 1, 1, 0, 1, 1, 0, 1, 1, 0, 1, 1, 1, 1, 0, 1, 1, 0, 0, 1, 0, 1, '0', 2699864, 3941392),
(465, 'Public Admin', '2013-01-11', '07:33:08', '10:54:08', '', '', '', '', 0, 1, 1, 1, 1, 0, 1, '1', 0, 0, 1, 1, 1, 1, 1, 0, 0, 1, 0, 0, 1, 0, 0, 0, 0, 0, 0, 1, 1, 0, 1, 0, 1, 1, 0, 0, 1, '1', 2936916, 3880232),
(466, 'History', '2013-02-19', '08:04:23', '13:08:23', '', '', '', '', 1, 0, 1, 1, 0, 1, 0, '1', 1, 0, 0, 0, 1, 0, 0, 1, 0, 1, 0, 1, 0, 0, 1, 0, 0, 0, 0, 1, 1, 1, 0, 0, 0, 1, 1, 0, 1, '0', 2189703, 3120124),
(467, 'Pre-Nursing', '2013-02-15', '07:00:39', '09:29:39', '', '', '', '', 1, 0, 0, 1, 1, 0, 1, '1', 0, 1, 0, 1, 0, 1, 1, 1, 0, 1, 0, 1, 1, 0, 0, 1, 0, 0, 1, 0, 0, 0, 0, 1, 0, 1, 0, 0, 0, '1', 2654925, 3019065),
(468, 'Comm & Media Studies', '2013-02-18', '07:59:01', '10:08:01', '', '', '', '', 1, 1, 1, 1, 0, 0, 1, '0', 0, 1, 0, 0, 1, 0, 1, 0, 0, 0, 1, 0, 1, 0, 1, 1, 0, 0, 0, 0, 0, 1, 0, 1, 1, 1, 0, 1, 0, '1', 2112960, 3274049),
(469, 'Undecided/Undeclared', '2013-01-31', '07:33:35', '13:12:35', '', '', '', '', 1, 1, 1, 0, 0, 0, 0, '0', 1, 0, 0, 1, 1, 1, 1, 1, 0, 1, 1, 1, 1, 1, 1, 1, 0, 1, 0, 0, 1, 0, 0, 0, 1, 0, 0, 1, 1, '0', 2090370, 3705831),
(470, 'Management', '2013-02-21', '08:06:00', '10:44:00', '', '', '', '', 1, 1, 0, 1, 0, 0, 1, '0', 1, 0, 1, 0, 1, 0, 1, 0, 0, 1, 0, 0, 0, 1, 1, 0, 1, 1, 0, 0, 1, 0, 1, 1, 1, 1, 1, 1, 0, '1', 2090370, 3294826),
(471, 'Health Serv Admin', '2013-02-16', '07:32:16', '09:31:16', '', '', '', '', 1, 1, 0, 1, 1, 0, 1, '1', 0, 0, 0, 0, 0, 1, 0, 0, 0, 1, 1, 1, 0, 1, 0, 1, 0, 0, 1, 0, 0, 0, 0, 1, 1, 0, 0, 1, 0, '1', 2631706, 3019065),
(472, 'Comm & Media Studies', '2013-01-08', '08:36:26', '14:28:26', '', '', '', '', 0, 1, 1, 1, 0, 1, 1, '0', 1, 0, 1, 0, 1, 1, 0, 0, 1, 0, 0, 1, 1, 1, 1, 0, 1, 1, 0, 1, 1, 0, 0, 0, 0, 0, 1, 0, 1, '1', 2195327, 3231890),
(473, 'Photography', '2013-01-07', '07:15:48', '10:18:48', '', '', '', '', 1, 0, 1, 1, 1, 0, 1, '0', 0, 1, 0, 1, 1, 0, 0, 1, 0, 1, 0, 1, 1, 1, 0, 0, 0, 1, 1, 1, 1, 0, 0, 0, 0, 1, 1, 1, 1, '0', 2090370, 3801439),
(474, 'International Business', '2013-01-18', '07:51:00', '09:38:00', '', '', '', '', 0, 0, 0, 0, 0, 0, 1, '1', 1, 1, 1, 0, 0, 1, 1, 0, 1, 0, 1, 0, 0, 1, 1, 0, 0, 0, 0, 1, 0, 0, 1, 0, 1, 1, 0, 0, 1, '1', 2177377, 3710607),
(475, 'Music', '2013-03-01', '08:11:22', '12:03:22', '', '', '', '', 0, 0, 0, 0, 0, 0, 0, '0', 1, 0, 1, 0, 0, 0, 1, 1, 0, 1, 1, 0, 0, 0, 1, 1, 0, 0, 1, 1, 1, 1, 1, 0, 1, 1, 1, 1, 1, '0', 2699864, 3381681),
(476, 'Advertising', '2013-01-24', '07:38:35', '09:22:35', '', '', '', '', 0, 1, 1, 0, 1, 1, 0, '0', 0, 1, 1, 0, 1, 0, 0, 1, 0, 1, 1, 0, 1, 0, 0, 1, 0, 0, 1, 1, 1, 0, 0, 0, 1, 0, 0, 0, 0, '1', 2189703, 3600100),
(477, 'Nursing', '2013-02-15', '07:44:41', '10:28:41', '', '', '', '', 0, 1, 0, 1, 0, 1, 1, '1', 0, 1, 1, 0, 1, 1, 1, 0, 1, 0, 1, 0, 0, 0, 1, 1, 1, 0, 1, 0, 1, 1, 0, 0, 0, 1, 0, 0, 1, '0', 2112960, 3930369),
(478, 'Clinical Biology', '2013-02-03', '07:02:22', '09:04:22', '', '', '', '', 0, 0, 1, 1, 0, 1, 1, '1', 1, 0, 0, 1, 1, 1, 0, 0, 0, 1, 0, 0, 0, 1, 0, 0, 0, 1, 1, 1, 0, 0, 1, 1, 0, 1, 0, 0, 0, '0', 2563070, 3241279),
(479, 'Computer Science', '2013-01-04', '08:42:52', '10:11:52', '', '', '', '', 0, 1, 0, 0, 1, 1, 1, '0', 0, 1, 1, 0, 0, 1, 1, 0, 1, 1, 0, 1, 1, 1, 0, 1, 1, 1, 1, 0, 1, 1, 0, 1, 1, 1, 0, 1, 0, '0', 2144316, 3972043),
(480, 'Human Services', '2013-01-07', '07:05:20', '12:10:20', '', '', '', '', 1, 0, 0, 0, 1, 1, 0, '0', 1, 0, 1, 1, 0, 0, 0, 0, 0, 1, 1, 0, 0, 1, 0, 0, 0, 0, 0, 0, 0, 1, 1, 0, 0, 0, 0, 1, 0, '0', 2563070, 3988299),
(481, 'Clinical Biology', '2013-02-13', '08:25:40', '11:59:40', '', '', '', '', 1, 0, 1, 0, 1, 1, 1, '1', 0, 0, 0, 0, 1, 0, 1, 1, 0, 0, 0, 1, 1, 1, 1, 0, 0, 0, 1, 0, 1, 0, 1, 0, 1, 0, 0, 0, 0, '1', 2563070, 3179786),
(482, 'International Business', '2013-01-15', '08:07:43', '09:59:43', '', '', '', '', 1, 1, 0, 0, 1, 1, 0, '1', 0, 0, 0, 1, 0, 0, 0, 0, 1, 0, 1, 0, 1, 0, 0, 1, 0, 1, 0, 0, 0, 0, 0, 0, 1, 1, 0, 0, 0, '0', 2176191, 3022524),
(483, 'Computer Science', '2013-02-26', '07:59:22', '13:33:22', '', '', '', '', 0, 0, 1, 0, 0, 1, 0, '0', 0, 0, 1, 0, 0, 1, 0, 1, 1, 1, 1, 1, 1, 0, 0, 0, 1, 1, 1, 1, 0, 1, 1, 1, 1, 0, 0, 0, 0, '1', 2176191, 3102859),
(484, 'Public Relations', '2013-01-14', '08:01:11', '12:35:11', '', '', '', '', 0, 1, 1, 0, 0, 0, 1, '1', 1, 1, 1, 1, 1, 1, 0, 1, 1, 1, 1, 0, 1, 1, 0, 1, 0, 0, 1, 1, 1, 1, 1, 0, 1, 1, 1, 1, 1, '0', 2112960, 3705831),
(485, 'Psychology', '2013-01-04', '08:12:31', '10:04:31', '', '', '', '', 1, 1, 1, 1, 1, 0, 1, '0', 1, 0, 0, 0, 1, 0, 0, 0, 1, 0, 1, 0, 0, 1, 0, 0, 1, 1, 0, 0, 0, 0, 0, 1, 1, 1, 1, 0, 0, '0', 2699864, 3430548),
(486, 'Emergency Management', '2013-02-04', '08:04:04', '11:16:04', '', '', '', '', 0, 0, 0, 0, 0, 1, 0, '0', 0, 0, 0, 1, 1, 1, 1, 1, 1, 0, 0, 0, 0, 0, 0, 1, 1, 1, 1, 1, 0, 1, 0, 0, 1, 1, 1, 1, 1, '0', 2631706, 3708813),
(487, 'Art', '2013-01-29', '07:34:25', '10:36:25', '', '', '', '', 1, 0, 0, 1, 0, 1, 1, '0', 1, 0, 0, 1, 0, 0, 1, 0, 1, 1, 1, 1, 1, 0, 0, 1, 0, 1, 0, 0, 0, 1, 0, 0, 0, 1, 0, 1, 1, '0', 2176191, 3694818),
(488, 'International Business', '2013-02-15', '07:52:18', '09:15:18', '', '', '', '', 0, 1, 1, 1, 0, 1, 1, '1', 1, 0, 0, 0, 1, 1, 1, 1, 0, 0, 1, 0, 1, 0, 1, 1, 1, 1, 0, 1, 1, 1, 0, 1, 0, 0, 1, 1, 1, '0', 2090370, 3125631),
(489, 'Nursing', '2013-02-20', '07:26:38', '10:55:38', '', '', '', '', 1, 1, 1, 1, 1, 0, 1, '0', 1, 1, 0, 0, 1, 0, 0, 0, 1, 1, 0, 1, 0, 0, 1, 0, 0, 0, 1, 1, 0, 1, 1, 1, 1, 0, 1, 1, 0, '1', 2654925, 3967677),
(490, 'Social Work', '2013-01-11', '07:03:44', '09:56:44', '', '', '', '', 1, 1, 1, 0, 0, 0, 0, '1', 0, 0, 1, 1, 1, 1, 1, 1, 1, 0, 1, 1, 0, 0, 1, 1, 0, 0, 1, 1, 1, 1, 0, 0, 0, 1, 1, 1, 1, '1', 2112960, 3164976),
(491, 'Philosophy', '2013-01-10', '08:15:41', '13:06:41', '', '', '', '', 0, 1, 1, 1, 0, 0, 1, '1', 0, 1, 0, 1, 1, 1, 1, 1, 1, 1, 0, 1, 1, 1, 1, 1, 0, 0, 0, 0, 1, 0, 1, 1, 0, 1, 1, 0, 1, '0', 2601258, 3117829),
(492, 'Political Science', '2013-01-04', '08:36:14', '12:15:14', '', '', '', '', 0, 1, 0, 0, 0, 0, 0, '0', 0, 1, 1, 0, 0, 0, 0, 0, 1, 0, 1, 1, 1, 0, 1, 0, 0, 0, 0, 1, 1, 0, 0, 1, 1, 0, 0, 1, 0, '1', 2631706, 3809735),
(493, 'Pre-Law', '2013-02-11', '07:20:51', '12:18:51', '', '', '', '', 0, 1, 0, 1, 0, 0, 1, '0', 0, 1, 1, 0, 1, 1, 0, 0, 1, 0, 1, 0, 1, 0, 0, 1, 0, 0, 1, 0, 1, 0, 0, 1, 1, 1, 1, 1, 1, '0', 2936916, 3370200),
(494, 'Administration', '2013-02-11', '07:28:04', '09:47:04', '', '', '', '', 0, 0, 1, 0, 0, 0, 1, '0', 0, 1, 0, 0, 1, 1, 0, 0, 1, 0, 0, 1, 0, 1, 1, 0, 1, 0, 1, 1, 0, 1, 1, 1, 1, 1, 1, 0, 0, '1', 2112960, 3893456),
(495, 'Histotechnology', '2013-02-22', '07:48:20', '09:29:20', '', '', '', '', 1, 1, 0, 0, 0, 1, 1, '1', 1, 0, 0, 1, 0, 0, 1, 0, 1, 1, 0, 1, 1, 1, 0, 1, 1, 0, 1, 0, 1, 1, 0, 1, 0, 0, 0, 0, 0, '0', 2510463, 3468602),
(496, 'Biology', '2013-01-07', '08:34:14', '14:22:14', '', '', '', '', 0, 1, 0, 0, 0, 1, 0, '1', 1, 1, 0, 0, 1, 1, 1, 1, 0, 1, 1, 0, 1, 1, 0, 1, 1, 1, 1, 0, 0, 1, 0, 1, 0, 0, 1, 0, 1, '0', 2195327, 3312739),
(497, 'Computer Science', '2013-01-08', '07:29:35', '12:22:35', '', '', '', '', 0, 0, 1, 1, 0, 0, 0, '0', 0, 0, 1, 1, 1, 1, 0, 0, 0, 1, 1, 1, 0, 0, 1, 0, 1, 0, 0, 0, 0, 0, 1, 1, 1, 1, 0, 0, 1, '1', 2563070, 3370200),
(498, 'Biology', '2013-01-13', '08:39:21', '11:18:21', '', '', '', '', 0, 0, 1, 1, 1, 1, 0, '0', 0, 0, 1, 1, 1, 0, 1, 0, 1, 1, 1, 0, 1, 0, 0, 0, 1, 1, 0, 0, 1, 0, 0, 0, 1, 0, 1, 0, 1, '1', 2559916, 3274049),
(499, 'Broadcast and Emerging Media', '2013-01-14', '07:04:46', '08:16:46', '', '', '', '', 1, 0, 0, 0, 0, 0, 1, '0', 1, 0, 1, 1, 0, 1, 0, 0, 1, 1, 0, 0, 0, 0, 1, 0, 0, 1, 1, 1, 1, 1, 0, 1, 0, 1, 0, 0, 0, '1', 2649534, 3749547),
(500, 'Accounting', '2013-01-13', '08:27:13', '10:58:13', '', '', '', '', 1, 0, 0, 1, 0, 1, 0, '1', 0, 0, 0, 0, 1, 1, 0, 0, 0, 0, 0, 0, 0, 1, 0, 0, 1, 0, 0, 1, 0, 1, 1, 0, 0, 1, 0, 0, 1, '1', 2389712, 3231890),
(501, 'Math', '2017-04-27', '00:00:00', '00:00:00', '', '', '', '', 1, 1, 0, 1, 1, 0, 0, '', 0, 0, 1, 1, 0, 1, 1, 0, 0, 0, 0, 0, 0, 1, 1, 0, 0, 0, 0, 1, 1, 0, 0, 0, 1, 0, 0, 0, 1, '', 2090370, 3022524);

-- --------------------------------------------------------

--
-- A nézet helyettes szerkezete `clinical_record_interventions`
--
CREATE TABLE `clinical_record_interventions` (
`Student ID Number` int(11)
,`Student First Name` varchar(50)
,`Student Last Name` varchar(50)
,`Record Date` date
,`Instructional Intervention #1` tinyint(1)
,`Instructional Intervention #2` tinyint(1)
,`Instructional Intervention #3` tinyint(1)
,`Instructional Intervention #4` tinyint(1)
,`Instructional Intervention #5` tinyint(1)
,`Instructional Intervention #6` tinyint(1)
,`Instructional Intervention #7` tinyint(1)
,`Instructional Intervention Other` varchar(250)
);

-- --------------------------------------------------------

--
-- A nézet helyettes szerkezete `clinical_record_outcomes`
--
CREATE TABLE `clinical_record_outcomes` (
`Student ID Number` int(11)
,`Student First Name` varchar(50)
,`Student Last Name` varchar(50)
,`Record Date` date
,`Instructional Outcome #1` tinyint(1)
,`Instructional Outcome #2` tinyint(1)
,`Instructional Outcome #3` tinyint(1)
,`Instructional Outcome #4` tinyint(1)
,`Instructional Outcome #5` tinyint(1)
,`Instructional Outcome #6` tinyint(1)
,`Instructional Outcome #7` tinyint(1)
,`Instructional Outcome #8` tinyint(1)
,`Instructional Outcome #9` tinyint(1)
,`Instructional Outcome #10` tinyint(1)
,`Instructional Outcome #11` tinyint(1)
,`Instructional Outcome #12` tinyint(1)
,`Instructional Outcome #13` tinyint(1)
,`Instructional Outcome #14` tinyint(1)
,`Instructional Outcome #15` tinyint(1)
,`Instructional Outcome #16` tinyint(1)
,`Instructional Outcome #17` tinyint(1)
,`Instructional Outcome #18` tinyint(1)
,`Instructional Outcome #19` tinyint(1)
,`Instructional Outcome #20` tinyint(1)
,`Instructional Outcome #21` tinyint(1)
,`Instructional Outcome #22` tinyint(1)
,`Instructional Outcome #23` tinyint(1)
,`Instructional Outcome #24` tinyint(1)
,`Instructional Outcome #25` tinyint(1)
,`Instructional Outcome #26` tinyint(1)
,`Instructional Outcome #27` tinyint(1)
,`Instructional Outcome #28` tinyint(1)
,`Instructional Outcome #29` tinyint(1)
,`Instructional Outcome Other` varchar(500)
);

-- --------------------------------------------------------

--
-- Tábla szerkezet ehhez a táblához `enrollment`
--

CREATE TABLE `enrollment` (
  `ENR_ID` int(11) NOT NULL,
  `SEMESTER_YEAR_ENTERED_BARRY` int(11) NOT NULL,
  `SEMESTER_YEAR_ENTERED_CAL` int(11) NOT NULL,
  `ACCEPTED` tinyint(1) DEFAULT NULL,
  `HIGH_SCHOOL_SUPPORT` tinyint(1) DEFAULT NULL,
  `DATE_LEFT_CAL` date DEFAULT NULL,
  `REASON_LEFT_CAL` varchar(250) DEFAULT NULL,
  `STUDENT_ID` int(11) NOT NULL
) ENGINE=InnoDB DEFAULT CHARSET=latin1;

--
-- A tábla adatainak kiíratása `enrollment`
--

INSERT INTO `enrollment` (`ENR_ID`, `SEMESTER_YEAR_ENTERED_BARRY`, `SEMESTER_YEAR_ENTERED_CAL`, `ACCEPTED`, `HIGH_SCHOOL_SUPPORT`, `DATE_LEFT_CAL`, `REASON_LEFT_CAL`, `STUDENT_ID`) VALUES
(1, 1303, 1303, 1, 1, '0000-00-00', '', 3396382),
(2, 1302, 1302, 1, 1, '0000-00-00', '', 3277769),
(3, 1402, 1402, 1, 0, '0000-00-00', '', 3731395),
(4, 1603, 1603, 1, 1, '0000-00-00', '', 3324293),
(5, 1303, 1303, 1, 0, '0000-00-00', '', 3941392),
(6, 1601, 1601, 1, 0, '0000-00-00', '', 3988299),
(7, 1303, 1303, 1, 0, '0000-00-00', '', 3179786),
(8, 1304, 1304, 1, 1, '0000-00-00', '', 3397068),
(9, 1701, 1701, 1, 0, '0000-00-00', '', 3972043),
(10, 1701, 1701, 1, 1, '0000-00-00', '', 3880232),
(11, 1402, 1402, 1, 1, '0000-00-00', '', 3294826),
(12, 1702, 1702, 1, 0, '0000-00-00', '', 3703383),
(13, 1702, 1702, 1, 1, '0000-00-00', '', 3703383),
(14, 1504, 1504, 1, 0, '0000-00-00', '', 3941392),
(15, 1401, 1401, 1, 0, '0000-00-00', '', 3933429),
(16, 1601, 1601, 1, 0, '0000-00-00', '', 3455421),
(17, 1602, 1602, 1, 0, '0000-00-00', '', 3370200),
(18, 1403, 1403, 1, 1, '0000-00-00', '', 3324293),
(19, 1601, 1601, 1, 0, '0000-00-00', '', 3794661),
(20, 1601, 1601, 1, 1, '0000-00-00', '', 3276176),
(21, 1304, 1304, 1, 0, '0000-00-00', '', 3893456),
(22, 1304, 1304, 1, 1, '0000-00-00', '', 3179786),
(23, 1301, 1301, 1, 0, '0000-00-00', '', 3719280),
(24, 1704, 1704, 1, 0, '0000-00-00', '', 3930369),
(25, 1301, 1301, 1, 0, '0000-00-00', '', 3967677),
(26, 1301, 1301, 1, 1, '0000-00-00', '', 3253450),
(27, 1302, 1302, 1, 0, '0000-00-00', '', 3277769),
(28, 1602, 1602, 1, 1, '0000-00-00', '', 3125631),
(29, 1602, 1602, 1, 1, '0000-00-00', '', 3495335),
(30, 1602, 1602, 1, 1, '0000-00-00', '', 3455421),
(31, 1604, 1604, 1, 1, '0000-00-00', '', 3801439),
(32, 1301, 1301, 1, 0, '0000-00-00', '', 3809735),
(33, 1401, 1401, 1, 0, '0000-00-00', '', 3790814),
(34, 1702, 1702, 1, 0, '0000-00-00', '', 3807847),
(35, 1504, 1504, 1, 1, '0000-00-00', '', 3933429),
(36, 1301, 1301, 1, 0, '0000-00-00', '', 3120124),
(37, 1604, 1604, 1, 0, '0000-00-00', '', 3880232),
(38, 1604, 1604, 1, 1, '0000-00-00', '', 3370200),
(39, 1603, 1603, 1, 1, '0000-00-00', '', 3710607),
(40, 1402, 1402, 1, 0, '0000-00-00', '', 3704106),
(41, 1502, 1502, 1, 1, '0000-00-00', '', 3801439),
(42, 1602, 1602, 1, 1, '0000-00-00', '', 3390753),
(43, 1303, 1303, 1, 0, '0000-00-00', '', 3125631),
(44, 1302, 1302, 1, 1, '0000-00-00', '', 3324293),
(45, 1601, 1601, 1, 1, '0000-00-00', '', 3721044),
(46, 1402, 1402, 1, 1, '0000-00-00', '', 3809735),
(47, 1701, 1701, 1, 0, '0000-00-00', '', 3893456),
(48, 1604, 1604, 1, 1, '0000-00-00', '', 3901491),
(49, 1304, 1304, 1, 1, '0000-00-00', '', 3733953),
(50, 1602, 1602, 1, 1, '0000-00-00', '', 3710607),
(51, 1602, 1602, 1, 1, '0000-00-00', '', 3381681),
(52, 1602, 1602, 1, 1, '0000-00-00', '', 3972043),
(53, 1502, 1502, 1, 1, '0000-00-00', '', 3710470),
(54, 1401, 1401, 1, 1, '0000-00-00', '', 3324086),
(55, 1704, 1704, 1, 0, '0000-00-00', '', 3516423),
(56, 1603, 1603, 1, 0, '0000-00-00', '', 3274049),
(57, 1601, 1601, 1, 1, '0000-00-00', '', 3090275),
(58, 1503, 1503, 1, 1, '0000-00-00', '', 3805737),
(59, 1504, 1504, 1, 1, '0000-00-00', '', 3128791),
(60, 1604, 1604, 1, 0, '0000-00-00', '', 3118103),
(61, 1503, 1503, 1, 1, '0000-00-00', '', 3118103),
(62, 1301, 1301, 1, 0, '0000-00-00', '', 3366782),
(63, 1704, 1704, 1, 1, '0000-00-00', '', 3708813),
(64, 1403, 1403, 1, 1, '0000-00-00', '', 3180511),
(65, 1602, 1602, 1, 1, '0000-00-00', '', 3125631),
(66, 1301, 1301, 1, 1, '0000-00-00', '', 3801439),
(67, 1601, 1601, 1, 0, '0000-00-00', '', 3430548),
(68, 1602, 1602, 1, 1, '0000-00-00', '', 3733953),
(69, 1701, 1701, 1, 0, '0000-00-00', '', 3381681),
(70, 1502, 1502, 1, 0, '0000-00-00', '', 3990160),
(71, 1602, 1602, 1, 0, '0000-00-00', '', 3721044),
(72, 1501, 1501, 1, 0, '0000-00-00', '', 3972043),
(73, 1603, 1603, 1, 1, '0000-00-00', '', 3662054),
(74, 1504, 1504, 1, 0, '0000-00-00', '', 3416592),
(75, 1402, 1402, 1, 1, '0000-00-00', '', 3180511),
(76, 1403, 1403, 1, 1, '0000-00-00', '', 3662054),
(77, 1703, 1703, 1, 1, '0000-00-00', '', 3180511),
(78, 1501, 1501, 1, 1, '0000-00-00', '', 3031184),
(79, 1501, 1501, 1, 0, '0000-00-00', '', 3274049),
(80, 1601, 1601, 1, 0, '0000-00-00', '', 3980688),
(81, 1703, 1703, 1, 1, '0000-00-00', '', 3703383),
(82, 1302, 1302, 1, 0, '0000-00-00', '', 3118103),
(83, 1602, 1602, 1, 0, '0000-00-00', '', 3306880),
(84, 1703, 1703, 1, 1, '0000-00-00', '', 3276176),
(85, 1701, 1701, 1, 0, '0000-00-00', '', 3817964),
(86, 1602, 1602, 1, 1, '0000-00-00', '', 3177918),
(87, 1503, 1503, 1, 1, '0000-00-00', '', 3022524),
(88, 1503, 1503, 1, 0, '0000-00-00', '', 3710607),
(89, 1304, 1304, 1, 1, '0000-00-00', '', 3980688),
(90, 1602, 1602, 1, 0, '0000-00-00', '', 3312739),
(91, 1701, 1701, 1, 0, '0000-00-00', '', 3390753),
(92, 1402, 1402, 1, 1, '0000-00-00', '', 3118103),
(93, 1303, 1303, 1, 1, '0000-00-00', '', 3468602),
(94, 1702, 1702, 1, 0, '0000-00-00', '', 3933429),
(95, 1601, 1601, 1, 1, '0000-00-00', '', 3577083),
(96, 1403, 1403, 1, 1, '0000-00-00', '', 3180511),
(97, 1604, 1604, 1, 0, '0000-00-00', '', 3613632),
(98, 1701, 1701, 1, 0, '0000-00-00', '', 3396382),
(99, 1602, 1602, 1, 0, '0000-00-00', '', 3192459),
(100, 1304, 1304, 1, 0, '0000-00-00', '', 3749547),
(101, 1502, 1502, 1, 0, '0000-00-00', '', 3324086),
(102, 1703, 1703, 1, 0, '0000-00-00', '', 3390753),
(103, 1502, 1502, 1, 1, '0000-00-00', '', 3381681),
(104, 1602, 1602, 1, 0, '0000-00-00', '', 3710470),
(105, 1604, 1604, 1, 1, '0000-00-00', '', 3941392),
(106, 1502, 1502, 1, 0, '0000-00-00', '', 3694818),
(107, 1303, 1303, 1, 0, '0000-00-00', '', 3721044),
(108, 1703, 1703, 1, 1, '0000-00-00', '', 3790814),
(109, 1702, 1702, 1, 0, '0000-00-00', '', 3192459),
(110, 1303, 1303, 1, 1, '0000-00-00', '', 3694818),
(111, 1601, 1601, 1, 0, '0000-00-00', '', 3455421),
(112, 1603, 1603, 1, 0, '0000-00-00', '', 3324293),
(113, 1302, 1302, 1, 0, '0000-00-00', '', 3694818),
(114, 1703, 1703, 1, 1, '0000-00-00', '', 3967677),
(115, 1301, 1301, 1, 1, '0000-00-00', '', 3744574),
(116, 1604, 1604, 1, 1, '0000-00-00', '', 3241279),
(117, 1402, 1402, 1, 1, '0000-00-00', '', 3250203),
(118, 1502, 1502, 1, 0, '0000-00-00', '', 3128791),
(119, 1702, 1702, 1, 1, '0000-00-00', '', 3704106),
(120, 1603, 1603, 1, 1, '0000-00-00', '', 3192459),
(121, 1404, 1404, 1, 1, '0000-00-00', '', 3577083),
(122, 1502, 1502, 1, 0, '0000-00-00', '', 3577083),
(123, 1604, 1604, 1, 0, '0000-00-00', '', 3972043),
(124, 1604, 1604, 1, 1, '0000-00-00', '', 3397068),
(125, 1303, 1303, 1, 0, '0000-00-00', '', 3809735),
(126, 1704, 1704, 1, 0, '0000-00-00', '', 3908817),
(127, 1704, 1704, 1, 0, '0000-00-00', '', 3128791),
(128, 1303, 1303, 1, 0, '0000-00-00', '', 3324086),
(129, 1502, 1502, 1, 0, '0000-00-00', '', 3801439),
(130, 1601, 1601, 1, 1, '0000-00-00', '', 3721044),
(131, 1604, 1604, 1, 1, '0000-00-00', '', 3274049),
(132, 1603, 1603, 1, 1, '0000-00-00', '', 3941392),
(133, 1603, 1603, 1, 1, '0000-00-00', '', 3276176),
(134, 1301, 1301, 1, 0, '0000-00-00', '', 3719280),
(135, 1602, 1602, 1, 0, '0000-00-00', '', 3719280),
(136, 1604, 1604, 1, 0, '0000-00-00', '', 3164976),
(137, 1302, 1302, 1, 1, '0000-00-00', '', 3705831),
(138, 1602, 1602, 1, 1, '0000-00-00', '', 3988299),
(139, 1503, 1503, 1, 0, '0000-00-00', '', 3179786),
(140, 1602, 1602, 1, 1, '0000-00-00', '', 3455421),
(141, 1601, 1601, 1, 0, '0000-00-00', '', 3022524),
(142, 1604, 1604, 1, 1, '0000-00-00', '', 3090275),
(143, 1602, 1602, 1, 1, '0000-00-00', '', 3710470),
(144, 1602, 1602, 1, 0, '0000-00-00', '', 3817964),
(145, 1301, 1301, 1, 0, '0000-00-00', '', 3790814),
(146, 1604, 1604, 1, 1, '0000-00-00', '', 3102859),
(147, 1401, 1401, 1, 0, '0000-00-00', '', 3885264),
(148, 1401, 1401, 1, 1, '0000-00-00', '', 3941392),
(149, 1402, 1402, 1, 0, '0000-00-00', '', 3381681),
(150, 1302, 1302, 1, 1, '0000-00-00', '', 3817964),
(151, 1703, 1703, 1, 0, '0000-00-00', '', 3430548),
(152, 1501, 1501, 1, 0, '0000-00-00', '', 3250203),
(153, 1603, 1603, 1, 0, '0000-00-00', '', 3817964),
(154, 1504, 1504, 1, 0, '0000-00-00', '', 3930369),
(155, 1604, 1604, 1, 1, '0000-00-00', '', 3805737),
(156, 1404, 1404, 1, 0, '0000-00-00', '', 3744574),
(157, 1501, 1501, 1, 1, '0000-00-00', '', 3807847),
(158, 1402, 1402, 1, 1, '0000-00-00', '', 3250203),
(159, 1604, 1604, 1, 0, '0000-00-00', '', 3880232),
(160, 1301, 1301, 1, 0, '0000-00-00', '', 3468602),
(161, 1602, 1602, 1, 1, '0000-00-00', '', 3192459),
(162, 1604, 1604, 1, 0, '0000-00-00', '', 3794661),
(163, 1502, 1502, 1, 1, '0000-00-00', '', 3250203),
(164, 1501, 1501, 1, 0, '0000-00-00', '', 3744574),
(165, 1701, 1701, 1, 0, '0000-00-00', '', 3241279),
(166, 1701, 1701, 1, 1, '0000-00-00', '', 3613632),
(167, 1604, 1604, 1, 1, '0000-00-00', '', 3231890),
(168, 1303, 1303, 1, 0, '0000-00-00', '', 3455421),
(169, 1602, 1602, 1, 0, '0000-00-00', '', 3231890),
(170, 1404, 1404, 1, 1, '0000-00-00', '', 3118103),
(171, 1601, 1601, 1, 1, '0000-00-00', '', 3980688),
(172, 1502, 1502, 1, 1, '0000-00-00', '', 3455421),
(173, 1602, 1602, 1, 0, '0000-00-00', '', 3397068),
(174, 1504, 1504, 1, 1, '0000-00-00', '', 3397068),
(175, 1603, 1603, 1, 0, '0000-00-00', '', 3708813),
(176, 1304, 1304, 1, 1, '0000-00-00', '', 3807847),
(177, 1502, 1502, 1, 0, '0000-00-00', '', 3294826),
(178, 1604, 1604, 1, 1, '0000-00-00', '', 3790814),
(179, 1503, 1503, 1, 1, '0000-00-00', '', 3710607),
(180, 1502, 1502, 1, 1, '0000-00-00', '', 3250203),
(181, 1704, 1704, 1, 0, '0000-00-00', '', 3710470),
(182, 1402, 1402, 1, 0, '0000-00-00', '', 3807847),
(183, 1601, 1601, 1, 1, '0000-00-00', '', 3972043),
(184, 1601, 1601, 1, 1, '0000-00-00', '', 3324293),
(185, 1603, 1603, 1, 0, '0000-00-00', '', 3794661),
(186, 1602, 1602, 1, 1, '0000-00-00', '', 3346705),
(187, 1601, 1601, 1, 0, '0000-00-00', '', 3455421),
(188, 1603, 1603, 1, 1, '0000-00-00', '', 3990160),
(189, 1601, 1601, 1, 1, '0000-00-00', '', 3073759),
(190, 1402, 1402, 1, 1, '0000-00-00', '', 3516423),
(191, 1504, 1504, 1, 0, '0000-00-00', '', 3731395),
(192, 1601, 1601, 1, 1, '0000-00-00', '', 3031184),
(193, 1604, 1604, 1, 0, '0000-00-00', '', 3468602),
(194, 1501, 1501, 1, 1, '0000-00-00', '', 3277769),
(195, 1704, 1704, 1, 1, '0000-00-00', '', 3885264),
(196, 1303, 1303, 1, 0, '0000-00-00', '', 3250203),
(197, 1501, 1501, 1, 0, '0000-00-00', '', 3090275),
(198, 1703, 1703, 1, 0, '0000-00-00', '', 3022524),
(199, 1603, 1603, 1, 1, '0000-00-00', '', 3396382),
(200, 1602, 1602, 1, 0, '0000-00-00', '', 3933429);

-- --------------------------------------------------------

--
-- Tábla szerkezet ehhez a táblához `instructional_aids`
--

CREATE TABLE `instructional_aids` (
  `IA_ID` int(11) NOT NULL,
  `SMART_PRESS` tinyint(1) DEFAULT NULL,
  `WWWN_SOFTWARE` tinyint(1) DEFAULT '0',
  `DRAGON_NATURALLY` tinyint(1) DEFAULT NULL,
  `LEARNING_ALLY` tinyint(1) DEFAULT NULL,
  `READING_LAB_TUTOR` tinyint(1) DEFAULT NULL,
  `LINDA_MOOD_BELL` tinyint(1) DEFAULT NULL,
  `IA_DATE` date NOT NULL,
  `STUDENT_ID` int(11) NOT NULL
) ENGINE=InnoDB DEFAULT CHARSET=latin1;

--
-- A tábla adatainak kiíratása `instructional_aids`
--

INSERT INTO `instructional_aids` (`IA_ID`, `SMART_PRESS`, `WWWN_SOFTWARE`, `DRAGON_NATURALLY`, `LEARNING_ALLY`, `READING_LAB_TUTOR`, `LINDA_MOOD_BELL`, `IA_DATE`, `STUDENT_ID`) VALUES
(1, 1, 1, 1, 0, 1, 0, '2016-05-31', 3933429),
(2, 1, 0, 0, 1, 0, 0, '2015-10-02', 3164976),
(3, 1, 0, 1, 1, 0, 0, '2015-03-20', 3120124),
(4, 0, 1, 1, 0, 0, 0, '2013-09-25', 3231890),
(5, 0, 1, 0, 1, 1, 0, '2015-08-01', 3177918),
(6, 0, 0, 1, 0, 0, 1, '2013-11-16', 3390753),
(7, 0, 1, 1, 0, 0, 1, '2016-10-20', 3455421),
(8, 1, 1, 0, 1, 0, 0, '2014-08-27', 3817964),
(9, 1, 0, 1, 0, 0, 0, '2015-01-06', 3719280),
(10, 0, 0, 1, 1, 0, 0, '2014-06-26', 3397068),
(11, 0, 0, 0, 1, 0, 0, '2015-08-02', 3901491),
(12, 1, 1, 0, 1, 0, 1, '2014-10-27', 3577083),
(13, 1, 1, 1, 1, 1, 1, '2016-07-03', 3276176),
(14, 1, 0, 0, 0, 0, 0, '2013-02-02', 3416592),
(15, 0, 1, 0, 1, 1, 0, '2014-08-07', 3117829),
(16, 0, 1, 0, 0, 1, 0, '2014-02-08', 3019065),
(17, 1, 0, 1, 1, 1, 1, '2014-12-29', 3346705),
(18, 1, 0, 1, 0, 1, 1, '2014-12-01', 3192459),
(19, 1, 1, 1, 1, 1, 1, '2013-05-25', 3031184),
(20, 0, 0, 0, 1, 1, 0, '2015-03-14', 3250203),
(21, 0, 0, 0, 1, 0, 0, '2014-04-21', 3179786),
(22, 0, 0, 1, 0, 1, 1, '2016-03-21', 3324086),
(23, 1, 0, 0, 1, 0, 1, '2014-05-21', 3794661),
(24, 1, 0, 1, 1, 1, 0, '2016-08-26', 3370200),
(25, 0, 1, 0, 0, 0, 0, '2015-03-25', 3908817),
(26, 1, 1, 1, 1, 0, 0, '2015-10-26', 3710607),
(27, 0, 1, 0, 1, 1, 0, '2016-02-18', 3921337),
(28, 0, 0, 0, 1, 1, 0, '2016-03-01', 3180511),
(29, 0, 0, 0, 1, 0, 1, '2016-12-27', 3972043),
(30, 1, 0, 1, 0, 0, 1, '2014-07-29', 3705831),
(31, 0, 1, 1, 1, 0, 0, '2014-12-24', 3885264),
(32, 1, 1, 0, 1, 0, 1, '2013-06-11', 3274049),
(33, 1, 0, 0, 1, 0, 0, '2016-09-15', 3809735),
(34, 0, 0, 1, 1, 0, 1, '2016-08-06', 3324293),
(35, 0, 0, 0, 1, 1, 0, '2015-03-28', 3970182),
(36, 1, 0, 1, 0, 1, 1, '2014-09-02', 3731395),
(37, 0, 1, 1, 1, 1, 0, '2013-11-06', 3807847),
(38, 0, 0, 0, 0, 0, 1, '2013-09-04', 3495335),
(39, 1, 1, 1, 1, 0, 1, '2014-05-25', 3277769),
(40, 1, 1, 0, 1, 0, 1, '2015-01-09', 3241279),
(41, 0, 0, 1, 1, 0, 0, '2016-04-16', 3749547),
(42, 1, 1, 1, 0, 1, 1, '2013-11-08', 3801439),
(43, 1, 1, 0, 0, 0, 0, '2015-07-07', 3704106),
(44, 1, 0, 1, 0, 1, 0, '2016-07-30', 3662054),
(45, 1, 0, 1, 1, 1, 1, '2014-07-06', 3306880),
(46, 1, 0, 0, 1, 0, 0, '2016-03-07', 3613632),
(47, 1, 0, 1, 0, 0, 0, '2016-12-23', 3090275),
(48, 0, 1, 0, 1, 1, 0, '2013-04-08', 3396382),
(49, 1, 0, 1, 0, 0, 0, '2014-07-27', 3930369),
(50, 1, 1, 1, 0, 0, 1, '2013-02-03', 3708813),
(51, 0, 0, 1, 1, 0, 0, '2014-02-05', 3073759),
(52, 0, 1, 1, 1, 0, 0, '2013-07-12', 3366782),
(53, 0, 1, 0, 1, 1, 1, '2015-07-15', 3941392),
(54, 1, 0, 1, 1, 1, 0, '2013-10-02', 3805737),
(55, 0, 1, 0, 1, 0, 1, '2013-12-09', 3893456),
(56, 0, 1, 1, 1, 0, 1, '2013-12-24', 3516423),
(57, 0, 0, 1, 0, 0, 1, '2014-08-30', 3790814),
(58, 0, 1, 1, 1, 1, 0, '2014-07-03', 3967677),
(59, 0, 1, 1, 0, 0, 1, '2015-09-01', 3980688),
(60, 0, 0, 1, 1, 0, 0, '2016-06-02', 3703383),
(61, 0, 1, 0, 0, 1, 0, '2013-11-23', 3600100),
(62, 1, 0, 0, 1, 1, 0, '2015-01-08', 3694818),
(63, 0, 0, 0, 0, 1, 1, '2014-10-01', 3744574),
(64, 0, 0, 0, 1, 1, 1, '2015-12-31', 3988299),
(65, 0, 1, 1, 0, 1, 1, '2014-03-18', 3721044),
(66, 1, 0, 0, 1, 1, 0, '2016-02-22', 3880232),
(67, 0, 0, 1, 0, 0, 0, '2015-08-27', 3733953),
(68, 0, 1, 1, 0, 1, 0, '2013-01-13', 3468602),
(69, 1, 1, 1, 1, 1, 0, '2016-08-15', 3118103),
(70, 0, 0, 1, 1, 0, 0, '2014-05-12', 3128791),
(71, 1, 0, 0, 0, 0, 0, '2014-06-01', 3430548),
(72, 1, 1, 1, 0, 0, 1, '2013-12-20', 3710470),
(73, 0, 0, 1, 1, 0, 0, '2016-09-12', 3022524),
(74, 0, 1, 0, 0, 0, 0, '2015-09-29', 3253450),
(75, 1, 0, 1, 1, 0, 0, '2015-08-07', 3990160),
(76, 0, 0, 1, 1, 0, 1, '2013-12-25', 3102859),
(77, 0, 0, 1, 1, 0, 1, '2014-03-21', 3125631),
(78, 0, 0, 0, 0, 1, 0, '2013-07-26', 3312739),
(79, 0, 1, 0, 0, 1, 1, '2016-12-22', 3294826),
(80, 1, 1, 0, 0, 0, 1, '2013-04-24', 3381681);

-- --------------------------------------------------------

--
-- Tábla szerkezet ehhez a táblához `major`
--

CREATE TABLE `major` (
  `MAJOR_ID` int(11) NOT NULL,
  `MAJOR_NAME` varchar(50) NOT NULL
) ENGINE=InnoDB DEFAULT CHARSET=latin1;

--
-- A tábla adatainak kiíratása `major`
--

INSERT INTO `major` (`MAJOR_ID`, `MAJOR_NAME`) VALUES
(1, 'Undecided/Undeclared'),
(2, 'Accounting'),
(3, 'Administration'),
(4, 'Advertising'),
(5, 'Africana Studies'),
(6, 'Applied Sport & Exercise Scien'),
(7, 'Art'),
(8, 'Athletic Training'),
(9, 'Biology'),
(10, 'Broadcast and Emerging Media'),
(11, 'Chemistry'),
(12, 'Clinical Biology'),
(13, 'Comm & Media Studies'),
(14, 'Computer Info Sciences'),
(15, 'Computer Science'),
(16, 'Criminology'),
(17, 'CV Perfusion Program'),
(18, 'Education'),
(19, 'Emergency Management'),
(20, 'English'),
(21, 'Exercise Physiology'),
(22, 'Finance'),
(23, 'Foreign Exchange Stu'),
(24, 'General Studies'),
(25, 'Health Serv Admin'),
(26, 'History'),
(27, 'Histotechnology'),
(28, 'Human Services'),
(29, 'Info Technology'),
(30, 'International Business'),
(31, 'Legal Post Bac Cert'),
(32, 'Liberal Studies'),
(33, 'Management'),
(34, 'Marine Biology'),
(35, 'Marketing'),
(36, 'Mathematics'),
(37, 'Music'),
(38, 'Music Performance'),
(39, 'Nursing'),
(40, 'Philosophy'),
(41, 'Photography'),
(42, 'Political Science'),
(43, 'Pre-Engineering'),
(44, 'Pre-Law'),
(45, 'Pre-Nursing'),
(46, 'Pre-Professional Biology'),
(47, 'Psychology'),
(48, 'Public Admin'),
(49, 'Public Relations'),
(50, 'Social Work'),
(51, 'Sociology'),
(52, 'Software Engineering'),
(53, 'Spanish'),
(54, 'Sport Management'),
(55, 'Sport, Exerc & Perf Psy'),
(56, 'Theatre'),
(57, 'Theology'),
(58, 'Women Studies');

-- --------------------------------------------------------

--
-- A nézet helyettes szerkezete `majors_report`
--
CREATE TABLE `majors_report` (
`Major ID` int(11)
,`Major Name` varchar(50)
);

-- --------------------------------------------------------

--
-- Tábla szerkezet ehhez a táblához `monthly_clinical_data`
--

CREATE TABLE `monthly_clinical_data` (
  `MCR_ID` int(11) NOT NULL,
  `ABSENCES` int(11) DEFAULT NULL,
  `TARDIES` int(11) DEFAULT NULL,
  `PREP1` tinyint(4) NOT NULL,
  `PREP2` tinyint(4) NOT NULL,
  `PREP3` tinyint(4) NOT NULL,
  `MOTIVATION4` tinyint(4) NOT NULL,
  `MOTIVATION5` tinyint(4) NOT NULL,
  `COMM6` tinyint(4) NOT NULL,
  `COMM7` tinyint(4) NOT NULL,
  `COMMENTS` varchar(200) DEFAULT NULL,
  `MCR_DATE` date NOT NULL,
  `STUDENT_ID` int(11) NOT NULL,
  `TUTOR_ID` int(11) NOT NULL
) ENGINE=InnoDB DEFAULT CHARSET=latin1;

--
-- A tábla adatainak kiíratása `monthly_clinical_data`
--

INSERT INTO `monthly_clinical_data` (`MCR_ID`, `ABSENCES`, `TARDIES`, `PREP1`, `PREP2`, `PREP3`, `MOTIVATION4`, `MOTIVATION5`, `COMM6`, `COMM7`, `COMMENTS`, `MCR_DATE`, `STUDENT_ID`, `TUTOR_ID`) VALUES
(1, 1, 2, 3, 3, 2, 3, 2, 2, 1, 'Improving', '0000-00-00', 3241279, 2090370),
(2, 2, 1, 2, 3, 2, 2, 3, 2, 2, 'Great progress', '0000-00-00', 3381681, 2699864),
(3, 3, 3, 3, 3, 2, 3, 3, 2, 1, '', '0000-00-00', 3662054, 2389712),
(4, 2, 2, 1, 3, 2, 3, 1, 1, 3, 'Great progress', '0000-00-00', 3885264, 2166987),
(5, 2, 2, 2, 2, 2, 3, 3, 1, 2, 'Improving', '0000-00-00', 3880232, 2195327),
(6, 3, 2, 3, 2, 2, 3, 3, 1, 1, 'Great progress', '0000-00-00', 3613632, 2692833),
(7, 3, 3, 1, 2, 1, 3, 3, 2, 2, '', '0000-00-00', 3885264, 2936916),
(8, 1, 3, 2, 3, 2, 1, 3, 2, 2, '', '0000-00-00', 3179786, 2167643),
(9, 1, 1, 1, 3, 2, 1, 1, 3, 3, '', '0000-00-00', 3397068, 2195327),
(10, 1, 1, 3, 2, 1, 3, 2, 3, 2, '', '0000-00-00', 3073759, 2189703),
(11, 1, 1, 3, 3, 1, 2, 3, 1, 2, '', '0000-00-00', 3253450, 2176191),
(12, 1, 2, 3, 2, 1, 1, 2, 3, 3, 'Great progress', '0000-00-00', 3885264, 2144316),
(13, 3, 1, 3, 3, 2, 3, 1, 2, 2, 'Room for improvement', '0000-00-00', 3396382, 2510463),
(14, 2, 1, 3, 2, 1, 3, 2, 3, 1, '', '0000-00-00', 3719280, 2563070),
(15, 1, 2, 1, 1, 3, 3, 3, 3, 1, '', '0000-00-00', 3893456, 2692833),
(16, 3, 1, 2, 2, 1, 2, 1, 2, 3, 'Great progress', '0000-00-00', 3031184, 2559916),
(17, 1, 3, 3, 3, 3, 2, 2, 2, 3, 'Room for improvement', '0000-00-00', 3880232, 2699864),
(18, 2, 2, 2, 1, 3, 2, 3, 1, 3, 'Room for improvement', '0000-00-00', 3721044, 2167643),
(19, 3, 3, 1, 1, 2, 1, 1, 2, 2, '', '0000-00-00', 3306880, 2563070),
(20, 3, 1, 1, 2, 1, 1, 3, 1, 3, '', '0000-00-00', 3324293, 2601258),
(21, 1, 3, 2, 3, 2, 2, 2, 3, 3, 'Improving', '0000-00-00', 3710607, 2692833),
(22, 2, 1, 1, 3, 3, 2, 1, 2, 2, 'Room for improvement', '0000-00-00', 3880232, 2649534),
(23, 1, 3, 2, 3, 1, 2, 3, 1, 2, 'Improving', '0000-00-00', 3324293, 2090370),
(24, 3, 2, 3, 2, 3, 3, 1, 2, 1, 'Great progress', '0000-00-00', 3294826, 2936916),
(25, 2, 2, 1, 1, 2, 2, 2, 2, 2, 'Great progress', '0000-00-00', 3397068, 2167643),
(26, 1, 3, 2, 3, 3, 3, 2, 3, 3, '', '0000-00-00', 3118103, 2563070),
(27, 1, 1, 2, 1, 3, 3, 2, 3, 2, 'Great progress', '0000-00-00', 3694818, 2189703),
(28, 3, 2, 1, 1, 2, 3, 3, 2, 1, 'Room for improvement', '0000-00-00', 3495335, 2177377),
(29, 1, 1, 1, 3, 2, 2, 1, 1, 1, '', '0000-00-00', 3794661, 2144316),
(30, 1, 2, 1, 2, 2, 3, 1, 2, 2, 'Great progress', '0000-00-00', 3180511, 2699864),
(31, 2, 3, 1, 3, 3, 1, 2, 3, 3, 'Great progress', '0000-00-00', 3719280, 2144316),
(32, 1, 2, 2, 2, 1, 1, 1, 3, 3, 'Room for improvement', '0000-00-00', 3370200, 2654925),
(33, 1, 1, 2, 3, 3, 3, 1, 3, 3, '', '0000-00-00', 3807847, 2144316),
(34, 1, 2, 3, 2, 2, 2, 3, 3, 2, '', '0000-00-00', 3277769, 2144316),
(35, 1, 3, 2, 2, 2, 2, 3, 2, 3, '', '0000-00-00', 3231890, 2510463),
(36, 2, 2, 1, 1, 2, 2, 2, 1, 3, 'Great progress', '0000-00-00', 3294826, 2389712),
(37, 3, 2, 2, 3, 3, 3, 2, 3, 1, 'Room for improvement', '0000-00-00', 3710607, 2699864),
(38, 3, 1, 1, 2, 1, 2, 2, 3, 3, 'Great progress', '0000-00-00', 3250203, 2563070),
(39, 1, 3, 2, 3, 1, 3, 2, 2, 1, 'Improving', '0000-00-00', 3117829, 2176191),
(40, 3, 3, 2, 3, 3, 1, 1, 3, 1, 'Room for improvement', '0000-00-00', 3274049, 2177377),
(41, 2, 1, 3, 3, 1, 3, 1, 3, 2, '', '0000-00-00', 3988299, 2090370),
(42, 1, 2, 1, 3, 2, 3, 1, 1, 3, '', '0000-00-00', 3192459, 2699864),
(43, 2, 2, 2, 2, 3, 3, 1, 3, 3, 'Great progress', '0000-00-00', 3577083, 2649534),
(44, 2, 2, 3, 3, 2, 1, 2, 2, 2, 'Room for improvement', '0000-00-00', 3885264, 2699864),
(45, 3, 1, 3, 3, 3, 1, 2, 3, 2, 'Great progress', '0000-00-00', 3901491, 2510463),
(46, 1, 2, 1, 1, 2, 3, 3, 2, 3, 'Improving', '0000-00-00', 3192459, 2167643),
(47, 1, 1, 3, 1, 3, 1, 3, 1, 1, 'Room for improvement', '0000-00-00', 3324293, 2167643),
(48, 1, 1, 1, 2, 3, 3, 2, 3, 1, 'Improving', '0000-00-00', 3600100, 2195327),
(49, 3, 3, 1, 2, 1, 1, 3, 3, 3, '', '0000-00-00', 3031184, 2559916),
(50, 3, 1, 1, 3, 1, 2, 1, 1, 3, '', '0000-00-00', 3177918, 2090370),
(51, 3, 1, 3, 1, 2, 2, 1, 2, 1, 'Great progress', '0000-00-00', 3708813, 2510463),
(52, 3, 3, 1, 1, 3, 2, 2, 1, 3, 'Improving', '0000-00-00', 3102859, 2389712),
(53, 2, 1, 2, 2, 3, 2, 2, 1, 2, 'Room for improvement', '0000-00-00', 3970182, 2601258),
(54, 3, 1, 1, 3, 1, 3, 2, 2, 1, 'Improving', '0000-00-00', 3253450, 2176191),
(55, 1, 3, 1, 3, 3, 2, 3, 3, 2, '', '0000-00-00', 3231890, 2631706),
(56, 2, 1, 3, 3, 1, 3, 3, 2, 1, 'Great progress', '0000-00-00', 3794661, 2389712),
(57, 2, 1, 1, 1, 2, 2, 2, 3, 3, '', '0000-00-00', 3703383, 2559916),
(58, 1, 3, 1, 2, 3, 2, 1, 2, 3, '', '0000-00-00', 3416592, 2654925),
(59, 2, 3, 3, 3, 1, 3, 3, 2, 1, '', '0000-00-00', 3972043, 2090370),
(60, 2, 2, 1, 2, 3, 2, 2, 3, 3, 'Room for improvement', '0000-00-00', 3749547, 2112960),
(61, 3, 3, 1, 3, 2, 1, 3, 1, 3, '', '0000-00-00', 3893456, 2631706),
(62, 1, 1, 3, 2, 3, 1, 2, 1, 2, '', '0000-00-00', 3885264, 2144316),
(63, 1, 1, 3, 1, 2, 1, 2, 3, 2, 'Room for improvement', '0000-00-00', 3721044, 2654925),
(64, 1, 1, 1, 2, 1, 1, 2, 3, 2, '', '0000-00-00', 3901491, 2389712),
(65, 1, 1, 2, 2, 3, 2, 2, 1, 2, 'Great progress', '0000-00-00', 3346705, 2699864),
(66, 3, 3, 2, 1, 2, 3, 3, 1, 3, '', '0000-00-00', 3120124, 2177377),
(67, 1, 3, 2, 3, 3, 3, 1, 3, 1, 'Great progress', '0000-00-00', 3901491, 2936916),
(68, 2, 2, 1, 3, 1, 1, 1, 3, 3, '', '0000-00-00', 3885264, 2166987),
(69, 3, 1, 2, 1, 2, 1, 3, 1, 2, 'Great progress', '0000-00-00', 3921337, 2654925),
(70, 2, 1, 1, 2, 3, 2, 3, 1, 1, 'Great progress', '0000-00-00', 3306880, 2654925),
(71, 3, 1, 2, 3, 1, 2, 1, 1, 2, '', '0000-00-00', 3455421, 2699864),
(72, 1, 3, 3, 2, 2, 1, 2, 3, 1, 'Improving', '0000-00-00', 3809735, 2090370),
(73, 1, 1, 2, 2, 1, 1, 3, 3, 1, '', '0000-00-00', 3721044, 2654925),
(74, 2, 2, 3, 1, 1, 2, 2, 1, 1, '', '0000-00-00', 3346705, 2167643),
(75, 3, 3, 1, 2, 2, 2, 2, 3, 2, 'Great progress', '0000-00-00', 3312739, 2144316),
(76, 3, 1, 2, 1, 2, 1, 2, 3, 2, '', '0000-00-00', 3128791, 2699864),
(77, 1, 2, 3, 3, 3, 1, 2, 2, 2, '', '0000-00-00', 3980688, 2699864),
(78, 1, 2, 2, 1, 3, 1, 1, 3, 2, 'Improving', '0000-00-00', 3179786, 2389712),
(79, 2, 2, 3, 1, 1, 3, 2, 2, 1, 'Improving', '0000-00-00', 3600100, 2559916),
(80, 1, 2, 3, 1, 1, 1, 2, 2, 1, '', '0000-00-00', 3980688, 2112960),
(81, 2, 2, 3, 1, 2, 3, 1, 3, 1, '', '0000-00-00', 3970182, 2090370),
(82, 2, 1, 3, 1, 2, 2, 1, 3, 1, 'Great progress', '0000-00-00', 3893456, 2177377),
(83, 3, 3, 3, 3, 2, 3, 2, 3, 1, 'Great progress', '0000-00-00', 3390753, 2692833),
(84, 3, 1, 2, 2, 2, 1, 1, 1, 1, 'Improving', '0000-00-00', 3192459, 2167643),
(85, 3, 1, 2, 3, 2, 3, 2, 3, 1, 'Great progress', '0000-00-00', 3708813, 2166987),
(86, 3, 2, 2, 2, 3, 2, 2, 2, 2, 'Room for improvement', '0000-00-00', 3988299, 2510463),
(87, 1, 3, 2, 3, 1, 3, 1, 2, 3, 'Improving', '0000-00-00', 3807847, 2654925),
(88, 1, 2, 2, 2, 1, 1, 2, 2, 1, 'Great progress', '0000-00-00', 3102859, 2090370),
(89, 1, 3, 1, 3, 2, 3, 1, 3, 3, 'Room for improvement', '0000-00-00', 3930369, 2559916),
(90, 1, 2, 3, 2, 2, 2, 3, 1, 3, '', '0000-00-00', 3324293, 2090370),
(91, 3, 2, 3, 3, 1, 2, 2, 1, 3, 'Great progress', '0000-00-00', 3164976, 2654925),
(92, 2, 1, 2, 1, 2, 1, 3, 2, 1, 'Room for improvement', '0000-00-00', 3397068, 2389712),
(93, 3, 1, 1, 1, 1, 2, 2, 2, 2, 'Room for improvement', '0000-00-00', 3967677, 2195327),
(94, 3, 1, 2, 1, 1, 2, 3, 2, 3, '', '0000-00-00', 3294826, 2692833),
(95, 1, 3, 1, 3, 3, 1, 1, 2, 2, '', '0000-00-00', 3346705, 2177377),
(96, 2, 3, 3, 2, 1, 1, 3, 3, 2, 'Improving', '0000-00-00', 3468602, 2631706),
(97, 3, 2, 3, 2, 1, 1, 1, 2, 1, 'Improving', '0000-00-00', 3970182, 2631706),
(98, 2, 3, 2, 3, 2, 3, 3, 1, 2, 'Improving', '0000-00-00', 3908817, 2699864),
(99, 2, 3, 1, 3, 2, 1, 1, 2, 2, '', '0000-00-00', 3102859, 2631706),
(100, 3, 1, 3, 3, 1, 2, 1, 2, 2, 'Room for improvement', '0000-00-00', 3390753, 2631706),
(101, 3, 3, 2, 1, 3, 3, 3, 3, 3, 'Room for improvement', '0000-00-00', 3117829, 2559916),
(102, 1, 2, 3, 1, 3, 1, 1, 1, 3, '', '0000-00-00', 3495335, 2167643),
(103, 1, 3, 1, 1, 1, 1, 1, 1, 2, '', '0000-00-00', 3324293, 2631706),
(104, 1, 2, 1, 1, 3, 1, 1, 1, 2, 'Great progress', '0000-00-00', 3430548, 2167643),
(105, 2, 2, 3, 3, 3, 1, 3, 3, 3, '', '0000-00-00', 3705831, 2649534),
(106, 3, 2, 2, 3, 3, 2, 3, 3, 3, '', '0000-00-00', 3241279, 2389712),
(107, 2, 3, 2, 2, 2, 2, 3, 2, 3, 'Great progress', '0000-00-00', 3276176, 2167643),
(108, 3, 2, 1, 3, 3, 3, 1, 3, 2, 'Improving', '0000-00-00', 3073759, 2090370),
(109, 3, 3, 2, 2, 2, 1, 3, 2, 1, 'Improving', '0000-00-00', 3988299, 2177377),
(110, 3, 1, 2, 1, 2, 1, 1, 2, 1, 'Great progress', '0000-00-00', 3988299, 2654925),
(111, 3, 3, 3, 1, 2, 3, 2, 2, 2, '', '0000-00-00', 3901491, 2144316),
(112, 3, 3, 1, 3, 2, 2, 2, 3, 1, 'Improving', '0000-00-00', 3324293, 2176191),
(113, 1, 3, 0, 3, 1, 2, 2, 0, 2, '', '0000-00-01', 3022524, 2195327),
(114, 1, 1, 3, 3, 3, 3, 1, 1, 2, 'Room for improvement', '0000-00-00', 3177918, 2167643),
(115, 3, 1, 1, 2, 1, 1, 2, 3, 2, '', '0000-00-00', 3613632, 2189703),
(116, 3, 1, 1, 2, 1, 1, 2, 2, 3, '', '0000-00-00', 3022524, 2601258),
(117, 2, 2, 3, 1, 1, 1, 2, 2, 1, '', '0000-00-00', 3416592, 2112960),
(118, 2, 2, 1, 2, 2, 3, 2, 2, 3, '', '0000-00-00', 3733953, 2177377),
(119, 3, 3, 2, 3, 2, 2, 2, 2, 3, 'Room for improvement', '0000-00-00', 3031184, 2631706),
(120, 1, 2, 3, 1, 3, 2, 2, 3, 1, '', '0000-00-00', 3324293, 2112960),
(121, 2, 3, 1, 1, 1, 3, 3, 1, 2, '', '0000-00-00', 3805737, 2510463),
(122, 1, 2, 2, 1, 2, 2, 2, 3, 3, '', '0000-00-00', 3177918, 2090370),
(123, 1, 2, 3, 1, 2, 3, 2, 3, 3, 'Improving', '0000-00-00', 3809735, 2166987),
(124, 1, 1, 2, 3, 3, 1, 3, 1, 3, 'Room for improvement', '0000-00-00', 3125631, 2510463),
(125, 3, 1, 3, 2, 2, 1, 3, 2, 2, 'Great progress', '0000-00-00', 3430548, 2936916),
(126, 2, 3, 2, 2, 3, 2, 3, 3, 3, '', '0000-00-00', 3416592, 2510463),
(127, 3, 3, 1, 2, 3, 2, 3, 2, 3, 'Improving', '0000-00-00', 3073759, 2389712),
(128, 2, 2, 1, 2, 1, 3, 1, 3, 3, 'Great progress', '0000-00-00', 3468602, 2631706),
(129, 2, 2, 1, 1, 2, 2, 1, 3, 1, 'Improving', '0000-00-00', 3346705, 2167643),
(130, 3, 2, 2, 1, 3, 2, 2, 1, 2, 'Great progress', '0000-00-00', 3022524, 2195327),
(131, 1, 3, 2, 1, 1, 1, 3, 1, 1, 'Great progress', '0000-00-00', 3180511, 2189703),
(132, 1, 3, 2, 1, 2, 1, 2, 2, 1, '', '0000-00-00', 3703383, 2692833),
(133, 3, 3, 3, 2, 1, 1, 1, 1, 3, 'Room for improvement', '0000-00-00', 3495335, 2936916),
(134, 1, 2, 1, 1, 3, 2, 3, 2, 1, '', '0000-00-00', 3613632, 2090370),
(135, 1, 1, 2, 2, 1, 2, 2, 1, 3, 'Improving', '0000-00-00', 3164976, 2189703),
(136, 2, 3, 2, 3, 2, 3, 3, 2, 1, '', '0000-00-00', 3125631, 2144316),
(137, 2, 1, 2, 1, 2, 3, 1, 3, 2, '', '0000-00-00', 3710607, 2189703),
(138, 3, 2, 3, 3, 3, 2, 3, 1, 1, '', '0000-00-00', 3710470, 2699864),
(139, 3, 1, 2, 3, 1, 2, 1, 2, 3, 'Improving', '0000-00-00', 3179786, 2177377),
(140, 3, 1, 1, 3, 1, 1, 3, 3, 3, 'Great progress', '0000-00-00', 3577083, 2112960),
(141, 1, 1, 1, 3, 1, 3, 3, 3, 2, 'Improving', '0000-00-00', 3613632, 2692833),
(142, 1, 2, 2, 1, 3, 3, 1, 1, 2, 'Improving', '0000-00-00', 3694818, 2112960),
(143, 1, 2, 1, 2, 1, 1, 1, 2, 3, 'Room for improvement', '0000-00-00', 3801439, 2936916),
(144, 2, 3, 1, 1, 1, 3, 3, 2, 1, '', '0000-00-00', 3031184, 2195327),
(145, 1, 2, 1, 3, 3, 1, 2, 1, 3, 'Improving', '0000-00-00', 3253450, 2144316),
(146, 2, 1, 2, 2, 2, 2, 1, 3, 2, 'Room for improvement', '0000-00-00', 3794661, 2090370),
(147, 2, 3, 3, 1, 2, 1, 3, 1, 3, 'Room for improvement', '0000-00-00', 3710470, 2176191),
(148, 3, 2, 1, 2, 3, 1, 1, 2, 1, '', '0000-00-00', 3125631, 2112960),
(149, 1, 3, 1, 3, 3, 1, 3, 2, 2, '', '0000-00-00', 3430548, 2144316),
(150, 3, 2, 1, 3, 2, 3, 3, 2, 2, '', '0000-00-00', 3790814, 2177377),
(151, 1, 3, 2, 2, 1, 2, 1, 2, 1, 'Room for improvement', '0000-00-00', 3031184, 2559916),
(152, 3, 2, 3, 2, 1, 2, 3, 3, 1, 'Room for improvement', '0000-00-00', 3430548, 2177377),
(153, 2, 3, 1, 3, 1, 1, 1, 3, 2, '', '0000-00-00', 3416592, 2166987),
(154, 2, 2, 2, 3, 2, 3, 3, 2, 2, '', '0000-00-00', 3733953, 2090370),
(155, 2, 1, 3, 3, 3, 3, 2, 1, 2, 'Improving', '0000-00-00', 3613632, 2649534),
(156, 2, 1, 1, 1, 1, 1, 3, 1, 2, 'Great progress', '0000-00-00', 3390753, 2699864),
(157, 3, 2, 2, 2, 2, 3, 3, 1, 3, '', '0000-00-00', 3516423, 2176191),
(158, 2, 1, 1, 1, 1, 1, 3, 1, 1, 'Room for improvement', '0000-00-00', 3118103, 2510463),
(159, 1, 2, 2, 1, 1, 2, 3, 1, 1, 'Room for improvement', '0000-00-00', 3073759, 2692833),
(160, 2, 1, 1, 1, 1, 3, 3, 3, 3, '', '0000-00-00', 3967677, 2166987),
(161, 2, 3, 2, 3, 1, 3, 3, 1, 1, 'Great progress', '0000-00-00', 3577083, 2699864),
(162, 2, 2, 3, 3, 1, 3, 1, 2, 2, 'Room for improvement', '0000-00-00', 3731395, 2563070),
(163, 1, 3, 2, 1, 3, 1, 1, 3, 3, 'Great progress', '0000-00-00', 3416592, 2144316),
(164, 3, 1, 1, 3, 2, 1, 2, 2, 1, 'Room for improvement', '0000-00-00', 3177918, 2601258),
(165, 2, 3, 3, 3, 1, 1, 1, 3, 3, 'Improving', '0000-00-00', 3277769, 2601258),
(166, 3, 1, 3, 2, 1, 2, 2, 1, 3, '', '0000-00-00', 3908817, 2166987),
(167, 3, 1, 3, 3, 3, 3, 2, 1, 2, 'Improving', '0000-00-00', 3805737, 2631706),
(168, 2, 1, 1, 1, 3, 1, 2, 2, 2, 'Improving', '0000-00-00', 3885264, 2389712),
(169, 1, 1, 2, 3, 1, 1, 2, 2, 1, '', '0000-00-00', 3704106, 2189703),
(170, 2, 3, 2, 2, 2, 1, 1, 2, 3, 'Improving', '0000-00-00', 3933429, 2112960),
(171, 3, 3, 1, 2, 2, 1, 2, 3, 3, 'Improving', '0000-00-00', 3941392, 2112960),
(172, 1, 2, 1, 3, 1, 2, 3, 1, 2, '', '0000-00-00', 3721044, 2112960),
(173, 2, 2, 2, 3, 3, 3, 1, 1, 3, 'Improving', '0000-00-00', 3455421, 2649534),
(174, 3, 1, 3, 2, 2, 1, 2, 3, 3, 'Improving', '0000-00-00', 3972043, 2510463),
(175, 3, 2, 3, 3, 1, 2, 1, 3, 3, 'Room for improvement', '0000-00-00', 3346705, 2692833),
(176, 3, 1, 2, 2, 1, 3, 3, 3, 1, '', '0000-00-00', 3416592, 2112960),
(177, 3, 2, 2, 1, 1, 2, 3, 1, 2, '', '0000-00-00', 3120124, 2177377),
(178, 2, 2, 3, 2, 2, 3, 1, 1, 1, 'Room for improvement', '0000-00-00', 3719280, 2649534),
(179, 3, 1, 3, 2, 1, 1, 3, 1, 2, 'Great progress', '0000-00-00', 3102859, 2090370),
(180, 1, 2, 3, 1, 3, 3, 3, 3, 3, 'Room for improvement', '0000-00-00', 3933429, 2166987),
(181, 3, 1, 1, 1, 3, 1, 3, 1, 2, 'Improving', '0000-00-00', 3694818, 2176191),
(182, 1, 2, 2, 2, 3, 3, 1, 3, 2, 'Great progress', '0000-00-00', 3073759, 2692833),
(183, 2, 2, 3, 3, 1, 3, 3, 1, 1, 'Room for improvement', '0000-00-00', 3880232, 2631706),
(184, 2, 3, 2, 1, 2, 1, 3, 2, 1, 'Improving', '0000-00-00', 3933429, 2195327),
(185, 1, 1, 3, 2, 1, 1, 1, 3, 2, '', '0000-00-00', 3117829, 2112960),
(186, 1, 1, 3, 3, 3, 2, 2, 2, 2, 'Room for improvement', '0000-00-00', 3807847, 2559916),
(187, 1, 1, 2, 1, 2, 2, 3, 1, 1, '', '0000-00-00', 3370200, 2176191),
(188, 3, 1, 3, 3, 3, 1, 3, 2, 3, 'Room for improvement', '0000-00-00', 3177918, 2166987),
(189, 3, 1, 2, 1, 1, 1, 1, 1, 3, 'Improving', '0000-00-00', 3805737, 2601258),
(190, 1, 2, 3, 1, 3, 2, 1, 3, 3, '', '0000-00-00', 3324293, 2167643),
(191, 1, 1, 3, 3, 1, 1, 2, 2, 2, '', '0000-00-00', 3455421, 2601258),
(192, 1, 3, 1, 1, 2, 2, 1, 1, 2, '', '0000-00-00', 3990160, 2692833),
(193, 3, 2, 3, 1, 2, 3, 2, 1, 2, 'Great progress', '0000-00-00', 3324086, 2654925),
(194, 3, 2, 1, 1, 3, 1, 1, 1, 2, '', '0000-00-00', 3694818, 2144316),
(195, 1, 1, 3, 1, 2, 2, 2, 1, 1, 'Room for improvement', '0000-00-00', 3370200, 2563070),
(196, 2, 2, 3, 3, 3, 3, 1, 2, 3, '', '0000-00-00', 3613632, 2176191),
(197, 3, 3, 1, 2, 2, 2, 1, 2, 2, 'Room for improvement', '0000-00-00', 3790814, 2631706),
(198, 1, 1, 1, 2, 1, 1, 3, 1, 2, 'Great progress', '0000-00-00', 3710470, 2189703),
(199, 1, 2, 3, 1, 1, 1, 3, 2, 1, 'Room for improvement', '0000-00-00', 3370200, 2195327),
(200, 1, 2, 3, 1, 3, 2, 1, 3, 3, '', '0000-00-00', 3117829, 2559916),
(201, 2, 1, 1, 3, 3, 3, 3, 2, 3, '', '0000-00-00', 3921337, 2112960),
(202, 1, 2, 2, 2, 3, 2, 1, 2, 1, '', '0000-00-00', 3090275, 2167643),
(203, 3, 1, 3, 3, 2, 2, 3, 2, 2, '', '0000-00-00', 3455421, 2559916),
(204, 2, 2, 2, 1, 1, 3, 2, 1, 1, '', '0000-00-00', 3180511, 2559916),
(205, 2, 2, 3, 1, 1, 3, 2, 3, 2, '', '0000-00-00', 3022524, 2692833),
(206, 1, 2, 2, 1, 3, 2, 1, 1, 3, 'Room for improvement', '0000-00-00', 3516423, 2601258),
(207, 2, 1, 1, 2, 1, 1, 1, 2, 1, '', '0000-00-00', 3306880, 2510463),
(208, 2, 2, 3, 1, 3, 3, 1, 2, 2, 'Room for improvement', '0000-00-00', 3102859, 2112960),
(209, 1, 3, 1, 3, 3, 1, 3, 1, 1, 'Great progress', '0000-00-00', 3274049, 2090370),
(210, 2, 1, 2, 1, 3, 2, 1, 1, 3, 'Great progress', '0000-00-00', 3805737, 2631706),
(211, 2, 2, 3, 1, 1, 1, 2, 1, 1, '', '0000-00-00', 3980688, 2112960),
(212, 3, 2, 1, 3, 3, 1, 3, 3, 1, 'Improving', '0000-00-00', 3128791, 2631706),
(213, 3, 3, 2, 3, 1, 3, 1, 1, 2, 'Great progress', '0000-00-00', 3390753, 2563070),
(214, 1, 2, 2, 1, 3, 1, 2, 3, 2, 'Improving', '0000-00-00', 3704106, 2563070),
(215, 1, 1, 1, 1, 1, 2, 3, 3, 3, 'Room for improvement', '0000-00-00', 3312739, 2176191),
(216, 1, 2, 1, 1, 1, 3, 1, 3, 2, '', '0000-00-00', 3277769, 2195327),
(217, 1, 1, 3, 1, 2, 3, 3, 3, 2, '', '0000-00-00', 3921337, 2167643),
(218, 3, 1, 1, 2, 1, 2, 1, 1, 2, '', '0000-00-00', 3577083, 2166987),
(219, 1, 2, 1, 2, 3, 3, 3, 2, 1, '', '0000-00-00', 3805737, 2559916),
(220, 1, 2, 2, 1, 2, 1, 2, 3, 1, '', '0000-00-00', 3397068, 2176191),
(221, 1, 2, 3, 2, 2, 1, 1, 3, 1, 'Room for improvement', '0000-00-00', 3102859, 2189703),
(222, 3, 1, 1, 2, 1, 2, 1, 2, 1, '', '0000-00-00', 3370200, 2112960),
(223, 3, 3, 3, 3, 1, 3, 3, 3, 1, '', '0000-00-00', 3090275, 2699864),
(224, 3, 2, 3, 2, 1, 1, 3, 3, 1, '', '0000-00-00', 3370200, 2601258),
(225, 2, 3, 3, 1, 2, 3, 1, 2, 1, 'Great progress', '0000-00-00', 3721044, 2189703),
(226, 1, 3, 3, 2, 3, 2, 3, 2, 1, 'Great progress', '0000-00-00', 3908817, 2195327),
(227, 2, 3, 2, 1, 3, 1, 2, 1, 1, 'Great progress', '0000-00-00', 3390753, 2167643),
(228, 1, 2, 1, 2, 1, 1, 1, 3, 1, 'Room for improvement', '0000-00-00', 3312739, 2601258),
(229, 2, 3, 3, 2, 2, 3, 2, 3, 1, '', '0000-00-00', 3250203, 2649534),
(230, 3, 3, 3, 1, 3, 3, 1, 1, 3, 'Room for improvement', '0000-00-00', 3577083, 2144316),
(231, 3, 2, 1, 1, 2, 3, 2, 2, 3, 'Great progress', '0000-00-00', 3744574, 2176191),
(232, 3, 3, 1, 1, 1, 2, 2, 2, 3, 'Improving', '0000-00-00', 3102859, 2177377),
(233, 3, 2, 2, 2, 2, 1, 3, 1, 2, 'Great progress', '0000-00-00', 3893456, 2563070),
(234, 2, 2, 3, 3, 3, 3, 3, 3, 2, '', '0000-00-00', 3880232, 2563070),
(235, 2, 1, 1, 3, 3, 3, 3, 2, 3, 'Great progress', '0000-00-00', 3253450, 2144316),
(236, 1, 3, 3, 3, 3, 1, 3, 1, 2, 'Improving', '0000-00-00', 3468602, 2144316),
(237, 3, 3, 2, 2, 1, 2, 1, 1, 3, 'Room for improvement', '0000-00-00', 3972043, 2559916),
(238, 1, 3, 2, 1, 2, 1, 1, 2, 3, 'Improving', '0000-00-00', 3117829, 2510463),
(239, 1, 1, 3, 2, 1, 2, 3, 1, 3, '', '0000-00-00', 3180511, 2112960),
(240, 2, 3, 1, 2, 2, 3, 2, 2, 1, '', '0000-00-00', 3880232, 2167643),
(241, 1, 2, 1, 1, 3, 2, 3, 2, 2, '', '0000-00-00', 3941392, 2510463),
(242, 1, 1, 1, 3, 1, 2, 1, 3, 3, 'Great progress', '0000-00-00', 3179786, 2090370),
(243, 1, 3, 2, 3, 1, 1, 3, 3, 1, 'Improving', '0000-00-00', 3324293, 2112960),
(244, 1, 1, 3, 2, 3, 3, 3, 3, 3, 'Great progress', '0000-00-00', 3967677, 2649534),
(245, 3, 2, 3, 2, 1, 2, 2, 1, 1, '', '0000-00-00', 3031184, 2699864),
(246, 2, 1, 3, 1, 1, 3, 2, 1, 2, 'Great progress', '0000-00-00', 3710470, 2692833),
(247, 2, 2, 2, 2, 2, 1, 1, 1, 1, 'Room for improvement', '0000-00-00', 3794661, 2654925),
(248, 2, 1, 1, 3, 1, 2, 1, 2, 1, 'Room for improvement', '0000-00-00', 3468602, 2144316),
(249, 2, 1, 3, 2, 2, 1, 2, 2, 2, '', '0000-00-00', 3274049, 2090370),
(250, 1, 1, 1, 1, 2, 3, 1, 1, 1, 'Improving', '0000-00-00', 3294826, 2112960),
(251, 0, 0, 0, 0, 0, 0, 0, 0, 0, '', '2017-04-01', 3019065, 2559916),
(252, 2, 1, 1, 2, 2, 2, 2, 2, 2, '', '2017-04-01', 3022524, 1548258);

-- --------------------------------------------------------

--
-- Tábla szerkezet ehhez a táblához `student`
--

CREATE TABLE `student` (
  `STUDENT_ID` int(11) NOT NULL,
  `STUDENT_LAST_NAME` varchar(50) NOT NULL,
  `STUDENT_FIRST_NAME` varchar(50) NOT NULL,
  `STUDENT_MIDDLE_NAME` varchar(50) DEFAULT NULL,
  `STUDENT_GENDER` varchar(1) DEFAULT NULL,
  `STUDENT_LIVING` varchar(30) DEFAULT NULL,
  `STUDENT_PERM_RESIDENCE` varchar(100) DEFAULT NULL,
  `STUDENT_DATE_OF_BIRTH` date NOT NULL
) ENGINE=InnoDB DEFAULT CHARSET=latin1;

--
-- A tábla adatainak kiíratása `student`
--

INSERT INTO `student` (`STUDENT_ID`, `STUDENT_LAST_NAME`, `STUDENT_FIRST_NAME`, `STUDENT_MIDDLE_NAME`, `STUDENT_GENDER`, `STUDENT_LIVING`, `STUDENT_PERM_RESIDENCE`, `STUDENT_DATE_OF_BIRTH`) VALUES
(1234567, 'Dasilva', 'Julian', 'Alecssandre', 'M', 'Resident', 'FL', '0000-00-00'),
(3019065, 'Dasilva', 'Julian', 'Alecssandre', 'M', 'Resident', 'FL', '0000-00-00'),
(3022524, 'Schiller', 'Brian', 'R', 'M', 'Resident', 'FL', '1996-12-26'),
(3031184, 'Dickman', 'Leo', 'J', 'M', 'Resident', 'NA', '1998-04-06'),
(3073759, 'Miller', 'Robert', 'M', 'M', 'Resident', 'NA', '1996-08-31'),
(3090275, 'Sewell', 'Mary', 'W', 'F', 'Commuter', 'NA', '1993-08-05'),
(3102859, 'Anderson', 'Leanne', 'M', 'F', 'Commuter', 'NA', '2000-03-11'),
(3117829, 'Gamble', 'Anthony', 'S', 'M', 'Resident', 'NA', '1991-07-12'),
(3118103, 'Obryan', 'Anthony', 'S', 'M', 'Commuter', 'NA', '1993-02-16'),
(3120124, 'Lara', 'Paul', 'H', 'M', 'Resident', 'FL', '1994-11-23'),
(3125631, 'Blue', 'Charles', 'M', 'M', 'Resident', 'NA', '1997-01-02'),
(3128791, 'Cottone', 'Patricia', 'R', 'F', 'Commuter', 'FL', '1997-10-14'),
(3164976, 'Kelly', 'Robyn', 'R', 'F', 'Commuter', 'FL', '1996-09-22'),
(3177918, 'McAlpine', 'Eugene', 'P', 'M', 'Commuter', 'NA', '1993-11-09'),
(3179786, 'Sarratt', 'Karen', 'R', 'F', 'Commuter', 'FL', '1992-09-10'),
(3180511, 'Davis', 'Adrian', 'A', 'M', 'Commuter', 'NA', '2000-03-18'),
(3192459, 'Landis', 'Harold', 'T', 'M', 'Resident', 'FL', '1997-03-19'),
(3231890, 'Kaminsky', 'Terry', 'S', 'M', 'Commuter', 'NA', '1994-08-28'),
(3241279, 'Cotton', 'Nellie', 'T', 'F', 'Commuter', 'NA', '1995-04-15'),
(3250203, 'Coleman', 'James', 'R', 'M', 'Commuter', 'NA', '1993-06-05'),
(3253450, 'Marlow', 'Catherine', 'K', 'F', 'Commuter', 'FL', '1997-09-07'),
(3274049, 'Ellingson', 'Gregory', 'B', 'M', 'Commuter', 'FL', '2000-01-02'),
(3276176, 'Delvalle', 'Abraham', 'J', 'M', 'Commuter', 'NA', '1998-02-09'),
(3277769, 'McManus', 'Oscar', 'I', 'M', 'Resident', 'FL', '1993-01-28'),
(3294826, 'Cardinale', 'Rafael', 'P', 'M', 'Resident', 'FL', '1996-07-20'),
(3306880, 'Guerra', 'Lyndsey', 'E', 'F', 'Resident', 'NA', '1995-01-03'),
(3312739, 'Spohn', 'Booker', 'L', 'M', 'Resident', 'FL', '1992-06-23'),
(3324086, 'Gutierrez', 'Linda', 'W', 'F', 'Resident', 'NA', '1999-05-26'),
(3324293, 'Edelstein', 'Kristi', 'E', 'F', 'Commuter', 'NA', '1992-11-12'),
(3346705, 'Garza', 'Elaine', 'S', 'F', 'Resident', 'NA', '1996-12-13'),
(3366782, 'Wells', 'Donald', 'M', 'M', 'Resident', 'NA', '1994-12-05'),
(3370200, 'Dortch', 'John', 'R', 'M', 'Resident', 'NA', '1999-11-30'),
(3381681, 'Sherry', 'Patrick', 'E', 'M', 'Commuter', 'NA', '1997-12-26'),
(3390753, 'Collins', 'Patricia', 'C', 'F', 'Resident', 'NA', '1993-12-09'),
(3396382, 'Petersen', 'Danny', 'L', 'M', 'Commuter', 'FL', '1995-01-12'),
(3397068, 'Leon', 'Kevin', 'C', 'M', 'Resident', 'FL', '1992-01-11'),
(3416592, 'Berg', 'Darren', 'L', 'M', 'Commuter', 'FL', '1995-12-19'),
(3430548, 'Keen', 'Larry', 'K', 'M', 'Resident', 'FL', '1995-02-26'),
(3455421, 'Smith', 'Robert', 'N', 'M', 'Commuter', 'NA', '1998-02-18'),
(3468602, 'Means', 'Ken', 'J', 'M', 'Resident', 'FL', '1997-02-27'),
(3495335, 'Augustine', 'Marie', 'J', 'F', 'Resident', 'FL', '1998-08-28'),
(3516423, 'Basso', 'Phyllis', 'D', 'F', 'Commuter', 'NA', '1996-07-27'),
(3577083, 'Dawkins', 'Andrew', 'L', 'M', 'Commuter', 'FL', '1999-05-05'),
(3600100, 'Judd', 'Bernard', 'R', 'M', 'Commuter', 'NA', '1997-06-07'),
(3613632, 'Phillips', 'Betty', 'J', 'F', 'Resident', 'NA', '1995-04-05'),
(3662054, 'Toro', 'John', 'C', 'M', 'Resident', 'FL', '1991-06-05'),
(3694818, 'Moreno', 'Alexander', 'G', 'M', 'Commuter', 'NA', '1998-01-28'),
(3703383, 'Dean', 'Gerald', 'C', 'M', 'Resident', 'NA', '1994-08-10'),
(3704106, 'McNair', 'Gay', 'B', 'F', 'Resident', 'NA', '1997-04-10'),
(3705831, 'Flores', 'Adam', 'A', 'M', 'Resident', 'FL', '1993-06-03'),
(3708813, 'Archuleta', 'Jana', 'C', 'F', 'Resident', 'FL', '1999-05-24'),
(3710470, 'Corbin', 'Cynthia', 'J', 'F', 'Resident', 'FL', '1997-12-26'),
(3710607, 'McClurg', 'Michael', 'D', 'M', 'Commuter', 'FL', '1994-12-26'),
(3719280, 'Weed', 'Patricia', 'C', 'F', 'Commuter', 'FL', '1995-06-07'),
(3721044, 'Whiteside', 'Paul', 'K', 'M', 'Commuter', 'NA', '1992-12-13'),
(3731395, 'Garmon', 'Charles', 'R', 'M', 'Commuter', 'NA', '1999-08-13'),
(3733953, 'Dedeaux', 'Fran', 'T', 'F', 'Resident', 'NA', '1993-11-02'),
(3744574, 'Garcia', 'Alejandro', 'V', 'M', 'Commuter', 'NA', '1994-09-17'),
(3749547, 'Turner', 'Clarence', 'E', 'M', 'Commuter', 'FL', '2000-02-10'),
(3790814, 'Rogers', 'Carolyn', 'R', 'F', 'Commuter', 'FL', '1996-07-04'),
(3794661, 'McDuffie', 'Peter', 'R', 'M', 'Commuter', 'NA', '1997-12-28'),
(3801439, 'Wilson', 'Kimberly', 'T', 'F', 'Commuter', 'NA', '1992-12-11'),
(3805737, 'Lara', 'Emma', 'K', 'F', 'Resident', 'NA', '1995-08-26'),
(3807847, 'Romine', 'Emma', 'D', 'F', 'Commuter', 'NA', '1994-01-28'),
(3809735, 'Schafer', 'Margaret', 'G', 'F', 'Resident', 'NA', '1992-02-08'),
(3817964, 'Gathers', 'Joseph', 'V', 'M', 'Resident', 'NA', '1994-01-29'),
(3880232, 'Sherman', 'Edward', 'R', 'M', 'Resident', 'FL', '1998-11-04'),
(3885264, 'Richards', 'Ralph', 'P', 'M', 'Commuter', 'NA', '1995-09-26'),
(3893456, 'Binder', 'Patrick', 'M', 'M', 'Commuter', 'FL', '1992-02-20'),
(3901491, 'Waite', 'Joshua', 'G', 'M', 'Commuter', 'FL', '1996-07-16'),
(3908817, 'Hawks', 'Christina', 'G', 'F', 'Resident', 'FL', '1995-03-11'),
(3921337, 'Derossett', 'Ronald', 'D', 'M', 'Commuter', 'FL', '1991-06-24'),
(3930369, 'Goode', 'Floyd', 'J', 'M', 'Resident', 'FL', '1994-09-11'),
(3933429, 'Wilson', 'Ralph', 'T', 'M', 'Resident', 'FL', '1992-09-10'),
(3941392, 'Armstrong', 'Charlie', 'S', 'M', 'Resident', 'NA', '1999-06-15'),
(3967677, 'Ornelas', 'Hazel', 'E', 'F', 'Resident', 'NA', '1996-06-04'),
(3970182, 'Cook', 'Darcie', 'A', 'F', 'Commuter', 'NA', '2000-03-28'),
(3972043, 'Chambers', 'James', 'J', 'M', 'Resident', 'FL', '1991-09-27'),
(3980688, 'Carrillo', 'Sean', 'G', 'F', 'Commuter', 'FL', '1992-07-23'),
(3988299, 'Cain', 'Adam', 'B', 'M', 'Commuter', 'NA', '1998-03-16'),
(3990160, 'Waters', 'David', 'J', 'M', 'Resident', 'NA', '1992-09-24');

-- --------------------------------------------------------

--
-- A nézet helyettes szerkezete `student_accommodation_report`
--
CREATE TABLE `student_accommodation_report` (
`Student ID Number` int(11)
,`Student First Name` varchar(50)
,`Student Last Name` varchar(50)
,`Extended Test Time` tinyint(1)
,`Distraction Reduced Environment` tinyint(1)
,`Computer Written Exams` tinyint(1)
,`Calculator For Exam` tinyint(1)
,`Recording Device For Exam` tinyint(1)
,`Note Taker` tinyint(1)
,`Extra Time For In-Class Assignment` tinyint(1)
,`Class Notes` tinyint(1)
,`Copy of Powerpoint Slides` tinyint(1)
,`Reader For Exams` tinyint(1)
,`Scribe For Exams` tinyint(1)
,`ADHD` varchar(100)
,`Reading Disorder` tinyint(1)
,`Writing Disorder` tinyint(1)
,`Math Disorder` tinyint(1)
,`Nonverbal Disorder` tinyint(1)
,`Slow Processing Disorder` tinyint(1)
,`Autism Spectrum Disorder` tinyint(1)
,`Other Pyschological Conditions` varchar(250)
,`Medication` tinyint(1)
);

-- --------------------------------------------------------

--
-- A nézet helyettes szerkezete `student_clinical_record_report`
--
CREATE TABLE `student_clinical_record_report` (
`Student ID Number` int(11)
,`Student First Name` varchar(50)
,`Student Last Name` varchar(50)
,`Tutor Last Name` varchar(50)
,`Subject` varchar(100)
,`Session Date` date
,`Time In` time
,`Time Out` time
,`Instructional Plan` varchar(500)
,`Observed Strengths` varchar(500)
,`Areas For Improvements` varchar(500)
,`What Should Happen Next` varchar(500)
,`Instructional Intervention #1` tinyint(1)
,`Instructional Intervention #2` tinyint(1)
,`Instructional Intervention #3` tinyint(1)
,`Instructional Intervention #4` tinyint(1)
,`Instructional Intervention #5` tinyint(1)
,`Instructional Intervention #6` tinyint(1)
,`Instructional Intervention #7` tinyint(1)
,`Instructional Intervention Other` varchar(250)
,`Instructional Outcome #1` tinyint(1)
,`Instructional Outcome #2` tinyint(1)
,`Instructional Outcome #3` tinyint(1)
,`Instructional Outcome #4` tinyint(1)
,`Instructional Outcome #5` tinyint(1)
,`Instructional Outcome #6` tinyint(1)
,`Instructional Outcome #7` tinyint(1)
,`Instructional Outcome #8` tinyint(1)
,`Instructional Outcome #9` tinyint(1)
,`Instructional Outcome #10` tinyint(1)
,`Instructional Outcome #11` tinyint(1)
,`Instructional Outcome #12` tinyint(1)
,`Instructional Outcome #13` tinyint(1)
,`Instructional Outcome #14` tinyint(1)
,`Instructional Outcome #15` tinyint(1)
,`Instructional Outcome #16` tinyint(1)
,`Instructional Outcome #17` tinyint(1)
,`Instructional Outcome #18` tinyint(1)
,`Instructional Outcome #19` tinyint(1)
,`Instructional Outcome #20` tinyint(1)
,`Instructional Outcome #21` tinyint(1)
,`Instructional Outcome #22` tinyint(1)
,`Instructional Outcome #23` tinyint(1)
,`Instructional Outcome #24` tinyint(1)
,`Instructional Outcome #25` tinyint(1)
,`Instructional Outcome #26` tinyint(1)
,`Instructional Outcome #27` tinyint(1)
,`Instructional Outcome #28` tinyint(1)
,`Instructional Outcome #29` tinyint(1)
,`Instructional Outcome Other` varchar(500)
);

-- --------------------------------------------------------

--
-- A nézet helyettes szerkezete `student_demographic_report`
--
CREATE TABLE `student_demographic_report` (
`Student ID Number` int(11)
,`Student First Name` varchar(50)
,`Student Middle Name` varchar(50)
,`Student Last Name` varchar(50)
,`Date of Birth` date
,`Gender` varchar(1)
,`Living Accommodation` varchar(30)
,`Permanent Residence` varchar(100)
);

-- --------------------------------------------------------

--
-- A nézet helyettes szerkezete `student_enrollment_report`
--
CREATE TABLE `student_enrollment_report` (
`Student ID Number` int(11)
,`Student First Name` varchar(50)
,`Student Last Name` varchar(50)
,`Semester & Year Student Entered Barry` int(11)
,`Semester & Year Student Entered CAL` int(11)
,`Accepted` tinyint(1)
,`High School Support` tinyint(1)
,`Date Student Left CAL` date
,`Reason Student Left CAL` varchar(250)
);

-- --------------------------------------------------------

--
-- A nézet helyettes szerkezete `student_instructional_aids_report`
--
CREATE TABLE `student_instructional_aids_report` (
`Student ID Number` int(11)
,`Student First Name` varchar(50)
,`Student Last Name` varchar(50)
,`Smart Pen` tinyint(1)
,`WWWN Software` tinyint(1)
,`Dragon Naturally` tinyint(1)
,`Learning Ally` tinyint(1)
,`Reading Lab Tutor` tinyint(1)
,`Linda Mood Bell` tinyint(1)
);

-- --------------------------------------------------------

--
-- A nézet helyettes szerkezete `student_monthly_clinical_data_report`
--
CREATE TABLE `student_monthly_clinical_data_report` (
`Student ID Number` int(11)
,`Student First Name` varchar(50)
,`Student Last Name` varchar(50)
,`Total Absences` int(11)
,`Total Tardies` int(11)
,`Preparation #1` tinyint(4)
,`Preparation #2` tinyint(4)
,`Preparation #3` tinyint(4)
,`Motivation #1` tinyint(4)
,`Motivation #2` tinyint(4)
,`Communication #1` tinyint(4)
,`Communication #2` tinyint(4)
,`Comments` varchar(200)
);

-- --------------------------------------------------------

--
-- Tábla szerkezet ehhez a táblához `tutor`
--

CREATE TABLE `tutor` (
  `TUTOR_ID` int(11) NOT NULL,
  `TUTOR_LAST_NAME` varchar(50) NOT NULL,
  `TUTOR_FIRST_NAME` varchar(50) NOT NULL,
  `TUTOR_DATE_STARTED_CAL` date NOT NULL,
  `TUTOR_DATE_LEFT_CAL` date DEFAULT NULL,
  `TUTOR_SUBJECT_AREA` varchar(100) NOT NULL,
  `TUTOR_DEGREE` varchar(100) DEFAULT NULL,
  `TUTOR_CONTACT_NUMBER` varchar(50) DEFAULT NULL
) ENGINE=InnoDB DEFAULT CHARSET=latin1;

--
-- A tábla adatainak kiíratása `tutor`
--

INSERT INTO `tutor` (`TUTOR_ID`, `TUTOR_LAST_NAME`, `TUTOR_FIRST_NAME`, `TUTOR_DATE_STARTED_CAL`, `TUTOR_DATE_LEFT_CAL`, `TUTOR_SUBJECT_AREA`, `TUTOR_DEGREE`, `TUTOR_CONTACT_NUMBER`) VALUES
(1548258, 'Dasilva', 'Julian', '1995-08-09', '0000-00-00', 'Computer Science', 'Math', '4076878206'),
(2090370, 'Landis', 'Betty', '2014-12-20', '0000-00-00', 'Comm & Media Studies', 'PhD', '931-540-2845'),
(2112960, 'Coleman', 'Danny', '2009-07-07', '0000-00-00', 'Marketing', 'PhD', '812-475-3141'),
(2144316, 'Waite', 'Oscar', '2013-04-09', '0000-00-00', 'Pre-Engineering', 'MsC', '831-555-2424'),
(2166987, 'Dortch', 'Donald', '2013-11-10', '2017-01-01', 'Liberal Studies', 'PhD', '618-497-8657'),
(2167643, 'McDuffie', 'Robert', '2015-02-19', '0000-00-00', 'Pre-Professional Biology', 'MsC', '678-740-2292'),
(2176191, 'Dawkins', 'Nellie', '2011-10-06', '0000-00-00', 'Broadcast and Emerging Media', 'PhD', '561-718-5383'),
(2177377, 'Delvalle', 'Clarence', '2012-03-24', '0000-00-00', 'English', 'PhD', '419-636-3907'),
(2189703, 'Gamble', 'Gay', '2014-07-19', '2017-01-01', 'International Business', 'PhD', '845-618-1151'),
(2195327, 'Berg', 'Kimberly', '2013-03-26', '0000-00-00', 'Mathematics', 'PhD', '913-890-8796'),
(2389712, 'Gutierrez', 'Jana', '2015-01-26', '0000-00-00', 'Management', 'PhD', '305-888-8403'),
(2510463, 'Leon', 'Marie', '2008-10-22', '2017-01-01', 'Music Performance', 'PhD', '360-882-0676'),
(2559916, 'Weed', 'Emma', '2010-03-30', '0000-00-00', 'Comm & Media Studies', 'PhD', '562-741-1464'),
(2563070, 'Smith', 'Darcie', '2014-01-30', '0000-00-00', 'English', 'PhD', '605-491-7361'),
(2601258, 'Sarratt', 'Floyd', '2008-04-23', '0000-00-00', 'Legal Post Bac Cert', 'PhD', '315-419-9538'),
(2631706, 'Gathers', 'Charles', '2008-01-20', '0000-00-00', 'Athletic Training', 'PhD', '580-832-7221'),
(2649534, 'Willis', 'John', '2011-01-24', '0000-00-00', 'Human Services', 'PhD', '916-815-1369'),
(2654925, 'Collins', 'Kristi', '2014-09-09', '0000-00-00', 'Computer Info Sciences', 'PhD', '212-340-0458'),
(2692833, 'Garza', 'Lyndsey', '2013-10-07', '0000-00-00', 'Finance', 'MsC', '580-504-4125'),
(2699864, 'Dickman', 'Mary', '2009-09-23', '2017-01-01', 'History', 'PhD', '510-840-4748'),
(2936916, 'McAlpine', 'Margaret', '2011-04-05', '2017-01-01', 'Finance', 'MsC', '913-570-4080');

-- --------------------------------------------------------

--
-- A nézet helyettes szerkezete `tutor_information_report`
--
CREATE TABLE `tutor_information_report` (
`Tutor ID Number` int(11)
,`Tutor First Name` varchar(50)
,`Tutor Last Name` varchar(50)
,`Tutor Email` varchar(100)
,`Subject Area` varchar(100)
,`Date Started CAL` date
,`Date Left CAL` date
,`Tutor Contact Information` varchar(50)
);

-- --------------------------------------------------------

--
-- Tábla szerkezet ehhez a táblához `users`
--

CREATE TABLE `users` (
  `USER_ID` int(11) NOT NULL,
  `USER_EMAIL` varchar(100) NOT NULL,
  `USER_PASSWORD` varchar(100) NOT NULL,
  `ISADMIN` tinyint(1) NOT NULL,
  `TUTOR_ID` int(11) DEFAULT NULL
) ENGINE=InnoDB DEFAULT CHARSET=latin1;

--
-- A tábla adatainak kiíratása `users`
--

INSERT INTO `users` (`USER_ID`, `USER_EMAIL`, `USER_PASSWORD`, `ISADMIN`, `TUTOR_ID`) VALUES
(1, 'admin@admin.com', 'admin', 1, NULL),
(2, 'kifuraca@icfitute.gov', 'vuS1bee0phie', 0, 2936916),
(3, 'kiguwti@gaiwugiv.co.uk', 'oK0aiPhiBai', 0, 2654925),
(4, 'esgig@okoganud.co.uk', 'ieDei9Pa7', 0, 2563070),
(5, 'dekpec@zacapfu.co.uk', 'sheig5eSh4', 0, 2631706),
(6, 'ka@gute.co.uk', 'cah1Poowae', 0, 2559916),
(7, 'in@huh.gov', 'eeviev5Sh', 0, 2510463),
(8, 'met@soga.gov', 'caeR3MiLai', 0, 2144316),
(9, 'vualovab@wosob.net', 'aim3kiuChaShoo', 0, 2176191),
(10, 'ganedobec@lucig.io', 'maim1uuM8', 0, 2177377),
(11, 'ipu@lof.gov', 'IeZuneic9boh', 0, 2195327),
(12, 'bib@dunus.org', 'UPh6Ith3gie', 0, 2189703),
(13, 'kaj@hoztagbi.net', 'peiduQu1', 0, 2649534),
(14, 'toone@paheduj.edu', 'Iu8ineebui', 0, 2692833),
(15, 'gupigoh@bop.io', 'zieM6ba8Ae', 0, 2090370),
(16, 'kavdibbu@vo.io', 'ierahH0Ae', 0, 2699864),
(17, 'ni@fin.io', 'kou7aebieQu', 0, 2112960),
(18, 'ebuzoh@jejleg.gov', 'lei5sosa9Nuux', 0, 2601258),
(19, 'logkasave@ohsiil.com', 'ieY2thoPh', 0, 2389712),
(20, 'wazmezgop@zop.net', 'chaey8Jae0', 0, 2167643),
(21, 'julianalecssandredasilva@gmail.com', 'julian352', 0, 1548258);

-- --------------------------------------------------------

--
-- Nézet szerkezete `academic_program_report`
--
DROP TABLE IF EXISTS `academic_program_report`;

CREATE ALGORITHM=UNDEFINED DEFINER=`cal`@`localhost` SQL SECURITY DEFINER VIEW `academic_program_report`  AS  select `student`.`STUDENT_ID` AS `Student ID Number`,`student`.`STUDENT_FIRST_NAME` AS `Student First Name`,`student`.`STUDENT_LAST_NAME` AS `Student Last Name`,`major`.`MAJOR_NAME` AS `Program Name`,`academic_program`.`PROGRAM_TYPE` AS `Program Type`,`academic_program`.`DECLARE_DATE` AS `Program Declare Date`,`academic_program`.`ACADEMIC_ADVISOR` AS `Academic Advisor` from ((`student` join `academic_program` on((`student`.`STUDENT_ID` = `academic_program`.`STUDENT_ID`))) join `major` on((`academic_program`.`MAJOR_ID` = `major`.`MAJOR_ID`))) ;

-- --------------------------------------------------------

--
-- Nézet szerkezete `clinical_record_interventions`
--
DROP TABLE IF EXISTS `clinical_record_interventions`;

CREATE ALGORITHM=UNDEFINED DEFINER=`cal`@`localhost` SQL SECURITY DEFINER VIEW `clinical_record_interventions`  AS  select `student`.`STUDENT_ID` AS `Student ID Number`,`student`.`STUDENT_FIRST_NAME` AS `Student First Name`,`student`.`STUDENT_LAST_NAME` AS `Student Last Name`,`clinical_record`.`RECORD_DATE` AS `Record Date`,`clinical_record`.`INSTRUCTIONAL_INTERVENTION1` AS `Instructional Intervention #1`,`clinical_record`.`INSTRUCTIONAL_INTERVENTION2` AS `Instructional Intervention #2`,`clinical_record`.`INSTRUCTIONAL_INTERVENTION3` AS `Instructional Intervention #3`,`clinical_record`.`INSTRUCTIONAL_INTERVENTION4` AS `Instructional Intervention #4`,`clinical_record`.`INSTRUCTIONAL_INTERVENTION5` AS `Instructional Intervention #5`,`clinical_record`.`INSTRUCTIONAL_INTERVENTION6` AS `Instructional Intervention #6`,`clinical_record`.`INSTRUCTIONAL_INTERVENTION7` AS `Instructional Intervention #7`,`clinical_record`.`INSTRUCTIONAL_INTERVENTION_OTHER` AS `Instructional Intervention Other` from (`student` left join `clinical_record` on((`student`.`STUDENT_ID` = `clinical_record`.`STUDENT_ID`))) ;

-- --------------------------------------------------------

--
-- Nézet szerkezete `clinical_record_outcomes`
--
DROP TABLE IF EXISTS `clinical_record_outcomes`;

CREATE ALGORITHM=UNDEFINED DEFINER=`cal`@`localhost` SQL SECURITY DEFINER VIEW `clinical_record_outcomes`  AS  select `student`.`STUDENT_ID` AS `Student ID Number`,`student`.`STUDENT_FIRST_NAME` AS `Student First Name`,`student`.`STUDENT_LAST_NAME` AS `Student Last Name`,`clinical_record`.`RECORD_DATE` AS `Record Date`,`clinical_record`.`INSTRUCTIONAL_OUTCOMES1` AS `Instructional Outcome #1`,`clinical_record`.`INSTRUCTIONAL_OUTCOMES2` AS `Instructional Outcome #2`,`clinical_record`.`INSTRUCTIONAL_OUTCOMES3` AS `Instructional Outcome #3`,`clinical_record`.`INSTRUCTIONAL_OUTCOMES4` AS `Instructional Outcome #4`,`clinical_record`.`INSTRUCTIONAL_OUTCOMES5` AS `Instructional Outcome #5`,`clinical_record`.`INSTRUCTIONAL_OUTCOMES6` AS `Instructional Outcome #6`,`clinical_record`.`INSTRUCTIONAL_OUTCOMES7` AS `Instructional Outcome #7`,`clinical_record`.`INSTRUCTIONAL_OUTCOMES8` AS `Instructional Outcome #8`,`clinical_record`.`INSTRUCTIONAL_OUTCOMES9` AS `Instructional Outcome #9`,`clinical_record`.`INSTRUCTIONAL_OUTCOMES10` AS `Instructional Outcome #10`,`clinical_record`.`INSTRUCTIONAL_OUTCOMES11` AS `Instructional Outcome #11`,`clinical_record`.`INSTRUCTIONAL_OUTCOMES12` AS `Instructional Outcome #12`,`clinical_record`.`INSTRUCTIONAL_OUTCOMES13` AS `Instructional Outcome #13`,`clinical_record`.`INSTRUCTIONAL_OUTCOMES14` AS `Instructional Outcome #14`,`clinical_record`.`INSTRUCTIONAL_OUTCOMES15` AS `Instructional Outcome #15`,`clinical_record`.`INSTRUCTIONAL_OUTCOMES16` AS `Instructional Outcome #16`,`clinical_record`.`INSTRUCTIONAL_OUTCOMES17` AS `Instructional Outcome #17`,`clinical_record`.`INSTRUCTIONAL_OUTCOMES18` AS `Instructional Outcome #18`,`clinical_record`.`INSTRUCTIONAL_OUTCOMES19` AS `Instructional Outcome #19`,`clinical_record`.`INSTRUCTIONAL_OUTCOMES20` AS `Instructional Outcome #20`,`clinical_record`.`INSTRUCTIONAL_OUTCOMES21` AS `Instructional Outcome #21`,`clinical_record`.`INSTRUCTIONAL_OUTCOMES22` AS `Instructional Outcome #22`,`clinical_record`.`INSTRUCTIONAL_OUTCOMES23` AS `Instructional Outcome #23`,`clinical_record`.`INSTRUCTIONAL_OUTCOMES24` AS `Instructional Outcome #24`,`clinical_record`.`INSTRUCTIONAL_OUTCOMES25` AS `Instructional Outcome #25`,`clinical_record`.`INSTRUCTIONAL_OUTCOMES26` AS `Instructional Outcome #26`,`clinical_record`.`INSTRUCTIONAL_OUTCOMES27` AS `Instructional Outcome #27`,`clinical_record`.`INSTRUCTIONAL_OUTCOMES28` AS `Instructional Outcome #28`,`clinical_record`.`INSTRUCTIONAL_OUTCOMES29` AS `Instructional Outcome #29`,`clinical_record`.`INSTRUCTIONAL_OUTCOMES_OTHER` AS `Instructional Outcome Other` from (`student` left join `clinical_record` on((`student`.`STUDENT_ID` = `clinical_record`.`STUDENT_ID`))) ;

-- --------------------------------------------------------

--
-- Nézet szerkezete `majors_report`
--
DROP TABLE IF EXISTS `majors_report`;

CREATE ALGORITHM=UNDEFINED DEFINER=`cal`@`localhost` SQL SECURITY DEFINER VIEW `majors_report`  AS  select `major`.`MAJOR_ID` AS `Major ID`,`major`.`MAJOR_NAME` AS `Major Name` from `major` ;

-- --------------------------------------------------------

--
-- Nézet szerkezete `student_accommodation_report`
--
DROP TABLE IF EXISTS `student_accommodation_report`;

CREATE ALGORITHM=UNDEFINED DEFINER=`cal`@`localhost` SQL SECURITY DEFINER VIEW `student_accommodation_report`  AS  select `student`.`STUDENT_ID` AS `Student ID Number`,`student`.`STUDENT_FIRST_NAME` AS `Student First Name`,`student`.`STUDENT_LAST_NAME` AS `Student Last Name`,`accommodations`.`EXTENDED_TEST_TIME` AS `Extended Test Time`,`accommodations`.`DISTRACTION_REDUCED_ENVIRONMENT` AS `Distraction Reduced Environment`,`accommodations`.`COMPUTER_WRITTEN_EXAM` AS `Computer Written Exams`,`accommodations`.`CALCULATOR_FOR_EXAM` AS `Calculator For Exam`,`accommodations`.`RECORDING_DEVICE_FOR_EXAM` AS `Recording Device For Exam`,`accommodations`.`NOTE_TAKER` AS `Note Taker`,`accommodations`.`ADDITIONAL_TIME_FOR_IN_CLASS_ASSIGNMENT` AS `Extra Time For In-Class Assignment`,`accommodations`.`CLASS_NOTES` AS `Class Notes`,`accommodations`.`COPY_OF_PPT_SLIDES` AS `Copy of Powerpoint Slides`,`accommodations`.`READER_FOR_EXAMS` AS `Reader For Exams`,`accommodations`.`SCRIBE_FOR_EXAMS` AS `Scribe For Exams`,`accommodations`.`ADHD` AS `ADHD`,`accommodations`.`DISORDER_READING` AS `Reading Disorder`,`accommodations`.`DISORDER_WRITING` AS `Writing Disorder`,`accommodations`.`DISORDER_MATH` AS `Math Disorder`,`accommodations`.`DISORDER_NONVERBAL` AS `Nonverbal Disorder`,`accommodations`.`DISORDER_SLOW_PROCESSING` AS `Slow Processing Disorder`,`accommodations`.`AUTISM_SPECTRUM_DISORDER` AS `Autism Spectrum Disorder`,`accommodations`.`OTHER_PSYCH_CONDITIONS` AS `Other Pyschological Conditions`,`accommodations`.`MEDICATION` AS `Medication` from (`student` join `accommodations` on((`student`.`STUDENT_ID` = `accommodations`.`STUDENT_ID`))) ;

-- --------------------------------------------------------

--
-- Nézet szerkezete `student_clinical_record_report`
--
DROP TABLE IF EXISTS `student_clinical_record_report`;

CREATE ALGORITHM=UNDEFINED DEFINER=`cal`@`localhost` SQL SECURITY DEFINER VIEW `student_clinical_record_report`  AS  select `student`.`STUDENT_ID` AS `Student ID Number`,`student`.`STUDENT_FIRST_NAME` AS `Student First Name`,`student`.`STUDENT_LAST_NAME` AS `Student Last Name`,`tutor`.`TUTOR_LAST_NAME` AS `Tutor Last Name`,`clinical_record`.`SUBJECT` AS `Subject`,`clinical_record`.`RECORD_DATE` AS `Session Date`,`clinical_record`.`TIME_IN` AS `Time In`,`clinical_record`.`TIME_OUT` AS `Time Out`,`clinical_record`.`INSTRUCTIONAL_PLAN` AS `Instructional Plan`,`clinical_record`.`OBSERVED_STRENGTHS` AS `Observed Strengths`,`clinical_record`.`AREAS_FOR_IMPROVEMENTS` AS `Areas For Improvements`,`clinical_record`.`WHAT_SHOULD_HAPPEN_NEXT` AS `What Should Happen Next`,`clinical_record`.`INSTRUCTIONAL_INTERVENTION1` AS `Instructional Intervention #1`,`clinical_record`.`INSTRUCTIONAL_INTERVENTION2` AS `Instructional Intervention #2`,`clinical_record`.`INSTRUCTIONAL_INTERVENTION3` AS `Instructional Intervention #3`,`clinical_record`.`INSTRUCTIONAL_INTERVENTION4` AS `Instructional Intervention #4`,`clinical_record`.`INSTRUCTIONAL_INTERVENTION5` AS `Instructional Intervention #5`,`clinical_record`.`INSTRUCTIONAL_INTERVENTION6` AS `Instructional Intervention #6`,`clinical_record`.`INSTRUCTIONAL_INTERVENTION7` AS `Instructional Intervention #7`,`clinical_record`.`INSTRUCTIONAL_INTERVENTION_OTHER` AS `Instructional Intervention Other`,`clinical_record`.`INSTRUCTIONAL_OUTCOMES1` AS `Instructional Outcome #1`,`clinical_record`.`INSTRUCTIONAL_OUTCOMES2` AS `Instructional Outcome #2`,`clinical_record`.`INSTRUCTIONAL_OUTCOMES3` AS `Instructional Outcome #3`,`clinical_record`.`INSTRUCTIONAL_OUTCOMES4` AS `Instructional Outcome #4`,`clinical_record`.`INSTRUCTIONAL_OUTCOMES5` AS `Instructional Outcome #5`,`clinical_record`.`INSTRUCTIONAL_OUTCOMES6` AS `Instructional Outcome #6`,`clinical_record`.`INSTRUCTIONAL_OUTCOMES7` AS `Instructional Outcome #7`,`clinical_record`.`INSTRUCTIONAL_OUTCOMES8` AS `Instructional Outcome #8`,`clinical_record`.`INSTRUCTIONAL_OUTCOMES9` AS `Instructional Outcome #9`,`clinical_record`.`INSTRUCTIONAL_OUTCOMES10` AS `Instructional Outcome #10`,`clinical_record`.`INSTRUCTIONAL_OUTCOMES11` AS `Instructional Outcome #11`,`clinical_record`.`INSTRUCTIONAL_OUTCOMES12` AS `Instructional Outcome #12`,`clinical_record`.`INSTRUCTIONAL_OUTCOMES13` AS `Instructional Outcome #13`,`clinical_record`.`INSTRUCTIONAL_OUTCOMES14` AS `Instructional Outcome #14`,`clinical_record`.`INSTRUCTIONAL_OUTCOMES15` AS `Instructional Outcome #15`,`clinical_record`.`INSTRUCTIONAL_OUTCOMES16` AS `Instructional Outcome #16`,`clinical_record`.`INSTRUCTIONAL_OUTCOMES17` AS `Instructional Outcome #17`,`clinical_record`.`INSTRUCTIONAL_OUTCOMES18` AS `Instructional Outcome #18`,`clinical_record`.`INSTRUCTIONAL_OUTCOMES19` AS `Instructional Outcome #19`,`clinical_record`.`INSTRUCTIONAL_OUTCOMES20` AS `Instructional Outcome #20`,`clinical_record`.`INSTRUCTIONAL_OUTCOMES21` AS `Instructional Outcome #21`,`clinical_record`.`INSTRUCTIONAL_OUTCOMES22` AS `Instructional Outcome #22`,`clinical_record`.`INSTRUCTIONAL_OUTCOMES23` AS `Instructional Outcome #23`,`clinical_record`.`INSTRUCTIONAL_OUTCOMES24` AS `Instructional Outcome #24`,`clinical_record`.`INSTRUCTIONAL_OUTCOMES25` AS `Instructional Outcome #25`,`clinical_record`.`INSTRUCTIONAL_OUTCOMES26` AS `Instructional Outcome #26`,`clinical_record`.`INSTRUCTIONAL_OUTCOMES27` AS `Instructional Outcome #27`,`clinical_record`.`INSTRUCTIONAL_OUTCOMES28` AS `Instructional Outcome #28`,`clinical_record`.`INSTRUCTIONAL_OUTCOMES29` AS `Instructional Outcome #29`,`clinical_record`.`INSTRUCTIONAL_OUTCOMES_OTHER` AS `Instructional Outcome Other` from ((`clinical_record` join `student`) join `tutor`) where ((`clinical_record`.`STUDENT_ID` = `student`.`STUDENT_ID`) and (`clinical_record`.`TUTOR_ID` = `tutor`.`TUTOR_ID`)) ;

-- --------------------------------------------------------

--
-- Nézet szerkezete `student_demographic_report`
--
DROP TABLE IF EXISTS `student_demographic_report`;

CREATE ALGORITHM=UNDEFINED DEFINER=`cal`@`localhost` SQL SECURITY DEFINER VIEW `student_demographic_report`  AS  select `student`.`STUDENT_ID` AS `Student ID Number`,`student`.`STUDENT_FIRST_NAME` AS `Student First Name`,`student`.`STUDENT_MIDDLE_NAME` AS `Student Middle Name`,`student`.`STUDENT_LAST_NAME` AS `Student Last Name`,`student`.`STUDENT_DATE_OF_BIRTH` AS `Date of Birth`,`student`.`STUDENT_GENDER` AS `Gender`,`student`.`STUDENT_LIVING` AS `Living Accommodation`,`student`.`STUDENT_PERM_RESIDENCE` AS `Permanent Residence` from `student` ;

-- --------------------------------------------------------

--
-- Nézet szerkezete `student_enrollment_report`
--
DROP TABLE IF EXISTS `student_enrollment_report`;

CREATE ALGORITHM=UNDEFINED DEFINER=`cal`@`localhost` SQL SECURITY DEFINER VIEW `student_enrollment_report`  AS  select `student`.`STUDENT_ID` AS `Student ID Number`,`student`.`STUDENT_FIRST_NAME` AS `Student First Name`,`student`.`STUDENT_LAST_NAME` AS `Student Last Name`,`enrollment`.`SEMESTER_YEAR_ENTERED_BARRY` AS `Semester & Year Student Entered Barry`,`enrollment`.`SEMESTER_YEAR_ENTERED_CAL` AS `Semester & Year Student Entered CAL`,`enrollment`.`ACCEPTED` AS `Accepted`,`enrollment`.`HIGH_SCHOOL_SUPPORT` AS `High School Support`,`enrollment`.`DATE_LEFT_CAL` AS `Date Student Left CAL`,`enrollment`.`REASON_LEFT_CAL` AS `Reason Student Left CAL` from (`student` join `enrollment` on((`student`.`STUDENT_ID` = `enrollment`.`STUDENT_ID`))) ;

-- --------------------------------------------------------

--
-- Nézet szerkezete `student_instructional_aids_report`
--
DROP TABLE IF EXISTS `student_instructional_aids_report`;

CREATE ALGORITHM=UNDEFINED DEFINER=`cal`@`localhost` SQL SECURITY DEFINER VIEW `student_instructional_aids_report`  AS  select `student`.`STUDENT_ID` AS `Student ID Number`,`student`.`STUDENT_FIRST_NAME` AS `Student First Name`,`student`.`STUDENT_LAST_NAME` AS `Student Last Name`,`instructional_aids`.`SMART_PRESS` AS `Smart Pen`,`instructional_aids`.`WWWN_SOFTWARE` AS `WWWN Software`,`instructional_aids`.`DRAGON_NATURALLY` AS `Dragon Naturally`,`instructional_aids`.`LEARNING_ALLY` AS `Learning Ally`,`instructional_aids`.`READING_LAB_TUTOR` AS `Reading Lab Tutor`,`instructional_aids`.`LINDA_MOOD_BELL` AS `Linda Mood Bell` from ((`student` left join `enrollment` on((`student`.`STUDENT_ID` = `enrollment`.`STUDENT_ID`))) join `instructional_aids` on((`student`.`STUDENT_ID` = `instructional_aids`.`STUDENT_ID`))) ;

-- --------------------------------------------------------

--
-- Nézet szerkezete `student_monthly_clinical_data_report`
--
DROP TABLE IF EXISTS `student_monthly_clinical_data_report`;

CREATE ALGORITHM=UNDEFINED DEFINER=`cal`@`localhost` SQL SECURITY DEFINER VIEW `student_monthly_clinical_data_report`  AS  select `student`.`STUDENT_ID` AS `Student ID Number`,`student`.`STUDENT_FIRST_NAME` AS `Student First Name`,`student`.`STUDENT_LAST_NAME` AS `Student Last Name`,`monthly_clinical_data`.`ABSENCES` AS `Total Absences`,`monthly_clinical_data`.`TARDIES` AS `Total Tardies`,`monthly_clinical_data`.`PREP1` AS `Preparation #1`,`monthly_clinical_data`.`PREP2` AS `Preparation #2`,`monthly_clinical_data`.`PREP3` AS `Preparation #3`,`monthly_clinical_data`.`MOTIVATION4` AS `Motivation #1`,`monthly_clinical_data`.`MOTIVATION5` AS `Motivation #2`,`monthly_clinical_data`.`COMM6` AS `Communication #1`,`monthly_clinical_data`.`COMM7` AS `Communication #2`,`monthly_clinical_data`.`COMMENTS` AS `Comments` from (`student` left join `monthly_clinical_data` on((`student`.`STUDENT_ID` = `monthly_clinical_data`.`STUDENT_ID`))) ;

-- --------------------------------------------------------

--
-- Nézet szerkezete `tutor_information_report`
--
DROP TABLE IF EXISTS `tutor_information_report`;

CREATE ALGORITHM=UNDEFINED DEFINER=`cal`@`localhost` SQL SECURITY DEFINER VIEW `tutor_information_report`  AS  select `tutor`.`TUTOR_ID` AS `Tutor ID Number`,`tutor`.`TUTOR_FIRST_NAME` AS `Tutor First Name`,`tutor`.`TUTOR_LAST_NAME` AS `Tutor Last Name`,`users`.`USER_EMAIL` AS `Tutor Email`,`tutor`.`TUTOR_SUBJECT_AREA` AS `Subject Area`,`tutor`.`TUTOR_DATE_STARTED_CAL` AS `Date Started CAL`,`tutor`.`TUTOR_DATE_LEFT_CAL` AS `Date Left CAL`,`tutor`.`TUTOR_CONTACT_NUMBER` AS `Tutor Contact Information` from (`tutor` left join `users` on((`tutor`.`TUTOR_ID` = `users`.`TUTOR_ID`))) ;

--
-- Indexek a kiírt táblákhoz
--

--
-- A tábla indexei `academic_program`
--
ALTER TABLE `academic_program`
  ADD PRIMARY KEY (`ACAPROG_ID`),
  ADD KEY `STUDENT_ID` (`STUDENT_ID`),
  ADD KEY `MAJOR_ID` (`MAJOR_ID`);

--
-- A tábla indexei `accommodations`
--
ALTER TABLE `accommodations`
  ADD PRIMARY KEY (`ACCOM_ID`),
  ADD KEY `STUDENT_ID` (`STUDENT_ID`);

--
-- A tábla indexei `clinical_record`
--
ALTER TABLE `clinical_record`
  ADD PRIMARY KEY (`CR_ID`),
  ADD KEY `TUTOR_ID` (`TUTOR_ID`),
  ADD KEY `STUDENT_ID` (`STUDENT_ID`);

--
-- A tábla indexei `enrollment`
--
ALTER TABLE `enrollment`
  ADD PRIMARY KEY (`ENR_ID`),
  ADD KEY `STUDENT_ID` (`STUDENT_ID`);

--
-- A tábla indexei `instructional_aids`
--
ALTER TABLE `instructional_aids`
  ADD PRIMARY KEY (`IA_ID`),
  ADD KEY `STUDENT_ID` (`STUDENT_ID`);

--
-- A tábla indexei `major`
--
ALTER TABLE `major`
  ADD PRIMARY KEY (`MAJOR_ID`);

--
-- A tábla indexei `monthly_clinical_data`
--
ALTER TABLE `monthly_clinical_data`
  ADD PRIMARY KEY (`MCR_ID`),
  ADD KEY `STUDENT_ID` (`STUDENT_ID`),
  ADD KEY `TUTOR_ID` (`TUTOR_ID`);

--
-- A tábla indexei `student`
--
ALTER TABLE `student`
  ADD PRIMARY KEY (`STUDENT_ID`);

--
-- A tábla indexei `tutor`
--
ALTER TABLE `tutor`
  ADD PRIMARY KEY (`TUTOR_ID`);

--
-- A tábla indexei `users`
--
ALTER TABLE `users`
  ADD PRIMARY KEY (`USER_ID`),
  ADD UNIQUE KEY `USER_EMAIL` (`USER_EMAIL`),
  ADD UNIQUE KEY `TUTOR_ID` (`TUTOR_ID`);

--
-- A kiírt táblák AUTO_INCREMENT értéke
--

--
-- AUTO_INCREMENT a táblához `academic_program`
--
ALTER TABLE `academic_program`
  MODIFY `ACAPROG_ID` int(11) NOT NULL AUTO_INCREMENT, AUTO_INCREMENT=83;
--
-- AUTO_INCREMENT a táblához `accommodations`
--
ALTER TABLE `accommodations`
  MODIFY `ACCOM_ID` int(11) NOT NULL AUTO_INCREMENT, AUTO_INCREMENT=84;
--
-- AUTO_INCREMENT a táblához `clinical_record`
--
ALTER TABLE `clinical_record`
  MODIFY `CR_ID` int(11) NOT NULL AUTO_INCREMENT, AUTO_INCREMENT=502;
--
-- AUTO_INCREMENT a táblához `enrollment`
--
ALTER TABLE `enrollment`
  MODIFY `ENR_ID` int(11) NOT NULL AUTO_INCREMENT, AUTO_INCREMENT=201;
--
-- AUTO_INCREMENT a táblához `instructional_aids`
--
ALTER TABLE `instructional_aids`
  MODIFY `IA_ID` int(11) NOT NULL AUTO_INCREMENT, AUTO_INCREMENT=81;
--
-- AUTO_INCREMENT a táblához `major`
--
ALTER TABLE `major`
  MODIFY `MAJOR_ID` int(11) NOT NULL AUTO_INCREMENT, AUTO_INCREMENT=59;
--
-- AUTO_INCREMENT a táblához `monthly_clinical_data`
--
ALTER TABLE `monthly_clinical_data`
  MODIFY `MCR_ID` int(11) NOT NULL AUTO_INCREMENT, AUTO_INCREMENT=253;
--
-- AUTO_INCREMENT a táblához `users`
--
ALTER TABLE `users`
  MODIFY `USER_ID` int(11) NOT NULL AUTO_INCREMENT, AUTO_INCREMENT=22;
--
-- Megkötések a kiírt táblákhoz
--

--
-- Megkötések a táblához `academic_program`
--
ALTER TABLE `academic_program`
  ADD CONSTRAINT `academic_program_ibfk_1` FOREIGN KEY (`STUDENT_ID`) REFERENCES `student` (`STUDENT_ID`) ON DELETE CASCADE ON UPDATE CASCADE,
  ADD CONSTRAINT `academic_program_ibfk_2` FOREIGN KEY (`MAJOR_ID`) REFERENCES `major` (`MAJOR_ID`);

--
-- Megkötések a táblához `accommodations`
--
ALTER TABLE `accommodations`
  ADD CONSTRAINT `accommodations_ibfk_1` FOREIGN KEY (`STUDENT_ID`) REFERENCES `student` (`STUDENT_ID`) ON DELETE CASCADE ON UPDATE CASCADE;

--
-- Megkötések a táblához `clinical_record`
--
ALTER TABLE `clinical_record`
  ADD CONSTRAINT `clinical_record_ibfk_1` FOREIGN KEY (`TUTOR_ID`) REFERENCES `tutor` (`TUTOR_ID`),
  ADD CONSTRAINT `clinical_record_ibfk_2` FOREIGN KEY (`STUDENT_ID`) REFERENCES `student` (`STUDENT_ID`) ON DELETE CASCADE ON UPDATE CASCADE;

--
-- Megkötések a táblához `enrollment`
--
ALTER TABLE `enrollment`
  ADD CONSTRAINT `enrollment_ibfk_1` FOREIGN KEY (`STUDENT_ID`) REFERENCES `student` (`STUDENT_ID`) ON DELETE CASCADE ON UPDATE CASCADE;

--
-- Megkötések a táblához `instructional_aids`
--
ALTER TABLE `instructional_aids`
  ADD CONSTRAINT `instructional_aids_ibfk_1` FOREIGN KEY (`STUDENT_ID`) REFERENCES `student` (`STUDENT_ID`) ON DELETE CASCADE ON UPDATE CASCADE;

--
-- Megkötések a táblához `monthly_clinical_data`
--
ALTER TABLE `monthly_clinical_data`
  ADD CONSTRAINT `monthly_clinical_data_ibfk_1` FOREIGN KEY (`STUDENT_ID`) REFERENCES `student` (`STUDENT_ID`) ON DELETE CASCADE ON UPDATE CASCADE,
  ADD CONSTRAINT `monthly_clinical_data_ibfk_2` FOREIGN KEY (`TUTOR_ID`) REFERENCES `tutor` (`TUTOR_ID`);

--
-- Megkötések a táblához `users`
--
ALTER TABLE `users`
  ADD CONSTRAINT `users_ibfk_1` FOREIGN KEY (`TUTOR_ID`) REFERENCES `tutor` (`TUTOR_ID`) ON DELETE CASCADE ON UPDATE CASCADE;

/*!40101 SET CHARACTER_SET_CLIENT=@OLD_CHARACTER_SET_CLIENT */;
/*!40101 SET CHARACTER_SET_RESULTS=@OLD_CHARACTER_SET_RESULTS */;
/*!40101 SET COLLATION_CONNECTION=@OLD_COLLATION_CONNECTION */;
